field_key,sample,otu_1,otu_2,otu_3,otu_4,otu_5,otu_6,otu_7,otu_8,otu_9,otu_10,otu_11,otu_12,otu_13,otu_14,otu_15,otu_16,otu_17,otu_18,otu_19,otu_20,otu_21,otu_22,otu_23,otu_24,otu_25,otu_26,otu_27,otu_28,otu_29,otu_30,otu_31,otu_32,otu_33,otu_34,otu_35,otu_36,otu_37,otu_38,otu_39,otu_40,otu_41,otu_42,otu_43,otu_44,otu_45,otu_46,otu_47,otu_48,otu_49,otu_50,otu_51,otu_52,otu_53,otu_54,otu_55,otu_56,otu_57,otu_58,otu_59,otu_60,otu_61,otu_62,otu_63,otu_64,otu_65,otu_66,otu_67,otu_68,otu_69,otu_70,otu_71,otu_72,otu_73,otu_74,otu_75,otu_76,otu_77,otu_78,otu_79,otu_80,otu_81,otu_82,otu_83,otu_84,otu_85,otu_86,otu_87,otu_88,otu_89,otu_90,otu_91,otu_93,otu_95,otu_96,otu_97,otu_98,otu_99,otu_100,otu_101,otu_102,otu_103,otu_105,otu_107,otu_108,otu_109,otu_110,otu_111,otu_113,otu_115,otu_117,otu_124,otu_137,otu_139,otu_142,otu_144,otu_145,otu_151
1,2,67,143,267,192,712,190,83,127,44,0,0,0,13,0,182,0,40,0,0,13,0,0,0,0,13,0,0,65,9,0,0,0,0,0,18,0,29,0,0,0,0,0,0,0,13,0,0,660,77,0,0,0,0,0,0,0,0,5,0,0,0,0,0,0,0,0,0,9,81,0,0,0,0,0,0,0,0,0,0,0,0,0,0,0,0,0,0,0,0,0,0,0,0,0,0,0,0,0,0,19,0,0,0,0,0,0,0,0,0,0,0,0,0,0,0,0,0
1,4,15,223,22,0,319,14,151,699,0,0,813,0,0,0,0,0,42,0,162,0,0,0,0,0,0,0,0,0,37,0,0,0,0,96,0,0,237,0,0,0,0,0,0,10,0,0,0,0,10,0,0,0,0,0,0,0,0,32,0,0,79,0,0,0,0,0,0,2,55,0,0,0,0,31,0,22,0,0,0,0,0,0,0,0,0,0,0,0,0,0,0,0,0,0,0,0,0,0,0,0,0,0,0,0,0,0,0,0,0,0,0,0,0,0,0,0,0
1,5,0,0,438,27,509,199,488,31,0,15,0,0,0,0,12,6,94,11,0,0,0,0,82,0,0,0,0,177,66,0,0,0,0,0,0,0,0,0,0,0,0,0,0,0,0,0,0,363,84,0,0,0,0,0,0,0,182,0,0,0,0,0,0,0,0,13,0,20,186,0,0,0,0,0,0,0,0,0,0,0,0,23,0,0,45,0,0,0,0,0,0,0,0,0,0,0,0,0,0,0,0,0,0,0,0,0,0,0,0,0,0,0,0,0,0,0,0
2,1,685,0,1322,0,137,168,15,0,150,25,0,0,8,0,60,97,9,168,0,9,0,0,0,17,33,0,0,0,16,0,0,0,0,0,16,0,0,0,0,0,0,0,0,0,4,0,0,0,0,0,0,10,0,0,0,0,5,0,0,0,0,0,0,0,0,0,0,0,0,0,0,0,0,0,0,0,0,5,0,0,0,79,0,0,0,0,0,0,0,26,0,0,0,0,0,2,0,0,0,0,0,0,0,0,0,0,5,0,0,0,0,0,0,0,0,0,0
2,5,204,0,1099,0,700,18,0,0,139,53,0,0,0,0,379,22,4,142,0,0,0,0,0,54,111,60,0,0,0,0,0,0,0,0,38,17,0,0,11,0,0,0,0,4,0,0,0,0,0,0,0,0,0,0,0,0,0,0,0,0,0,0,0,0,0,0,0,0,0,0,0,0,0,0,0,0,0,0,0,0,0,0,0,16,0,0,0,0,0,0,0,0,0,0,0,0,0,0,0,0,0,0,0,0,0,0,0,0,0,0,0,0,0,0,0,0,0
2,7,738,0,499,0,350,19,0,0,34,166,0,21,0,0,704,144,0,19,0,0,0,0,0,144,52,54,0,0,0,0,0,40,0,4,0,8,0,0,8,0,0,21,0,16,0,0,0,0,0,0,0,0,0,0,0,0,0,0,0,5,0,0,0,0,0,0,0,0,0,0,0,0,0,0,0,0,0,0,0,0,0,0,0,0,0,0,0,0,0,16,0,0,0,0,0,9,0,0,0,0,0,0,0,0,0,0,0,0,0,0,0,0,0,0,0,0,0
3,1,14,0,0,899,801,49,66,0,0,0,0,0,150,0,0,0,7,0,0,62,890,0,0,0,4,0,0,0,0,0,0,0,0,0,0,0,0,0,0,0,36,0,0,0,15,0,0,0,0,0,0,0,0,0,0,15,0,0,0,0,0,0,0,0,0,0,0,0,0,0,0,0,63,0,0,0,0,0,0,0,0,0,0,0,0,0,0,0,0,0,0,0,0,0,0,0,0,0,0,0,0,0,0,0,0,0,0,0,0,0,0,0,0,0,0,0,0
3,6,0,187,4,0,0,164,391,0,0,5,0,0,411,0,0,0,112,0,319,222,635,12,11,0,0,0,0,0,141,0,2,0,152,0,0,0,0,112,0,0,80,0,0,0,45,0,0,0,0,0,0,0,0,0,0,0,0,0,0,0,0,0,0,0,0,0,0,0,0,0,0,0,0,0,0,0,0,0,0,0,0,0,0,0,0,0,0,0,0,0,0,0,66,0,0,0,0,0,0,0,0,0,0,0,0,0,0,0,0,0,0,0,0,0,0,0,0
3,7,0,15,0,0,5,16,255,0,140,0,0,0,453,0,0,0,79,0,10,217,1320,21,0,0,0,0,0,0,35,0,99,0,50,0,10,5,0,0,0,0,87,0,0,0,70,0,0,0,0,0,0,13,0,0,0,8,0,0,0,15,0,0,0,0,0,0,0,0,0,0,0,0,140,0,0,0,0,0,0,0,0,0,0,0,0,0,0,0,0,0,0,0,8,0,0,0,0,0,0,0,0,0,0,0,0,0,0,0,0,0,0,0,0,0,0,0,0
4,5,117,0,0,636,122,238,158,0,659,16,0,44,158,27,0,0,54,0,2,115,0,8,0,0,17,0,0,0,34,70,0,0,0,0,0,0,0,0,0,0,0,0,0,0,27,0,0,0,126,0,0,35,0,0,155,0,0,0,0,99,0,0,0,25,0,0,0,44,0,0,0,0,0,0,0,0,0,0,0,0,84,0,0,0,0,0,0,0,0,0,0,0,0,0,0,0,0,0,0,0,0,0,0,0,0,0,0,0,0,0,0,0,0,0,0,0,1
4,6,301,556,0,11,261,46,62,308,163,417,0,0,4,0,0,0,23,211,144,0,0,0,0,6,0,0,0,0,9,68,0,0,0,20,0,0,0,0,0,0,0,0,0,0,0,0,0,0,0,0,0,30,427,0,4,0,0,0,0,0,0,0,0,0,0,0,0,0,0,0,0,0,0,0,0,0,0,0,0,0,0,0,0,0,0,0,0,0,0,0,0,0,0,0,0,0,0,0,0,0,0,0,0,0,0,0,0,0,0,0,0,0,0,0,0,0,0
4,7,337,1031,0,0,91,183,0,187,70,0,0,0,304,0,0,0,0,17,5,169,0,0,0,0,0,0,0,0,0,19,0,0,0,26,0,0,0,0,0,0,0,0,0,0,64,0,0,0,0,0,0,7,350,0,133,0,0,0,0,0,14,0,0,0,0,0,0,0,0,0,0,0,0,0,0,10,0,0,11,0,41,0,0,0,0,0,0,0,0,0,0,0,0,0,0,0,0,0,2,0,0,0,0,0,0,0,0,0,0,0,0,0,0,0,0,0,0
5,6,8,237,7,0,315,44,0,0,199,449,0,82,36,602,0,8,11,51,163,12,2,362,0,0,30,0,0,0,0,0,33,0,2,0,8,153,0,14,136,0,0,0,0,0,5,0,13,0,0,0,0,0,0,0,7,0,0,0,10,31,0,0,0,0,0,0,0,0,0,0,0,0,0,0,0,0,0,0,0,0,0,0,0,0,0,0,0,0,0,0,0,0,0,0,0,0,0,0,0,0,34,0,0,0,0,0,0,7,0,0,0,0,0,0,0,0,0
5,7,26,162,0,0,702,269,48,0,67,209,0,52,70,351,0,0,21,162,94,66,295,0,0,0,0,0,0,0,5,0,49,0,5,0,8,157,0,0,139,0,0,0,0,0,28,0,0,0,0,0,0,0,0,0,0,0,0,0,44,4,0,0,0,0,0,0,0,0,0,0,0,0,37,0,0,0,0,0,0,0,0,0,0,0,0,0,0,0,0,0,0,0,0,0,0,0,0,1,0,0,0,0,0,0,0,0,0,0,0,0,0,0,0,0,0,0,0
5,8,235,193,0,23,124,153,145,0,192,360,0,207,20,405,0,17,121,7,16,9,4,51,0,158,20,29,0,0,72,0,54,0,0,0,0,46,0,68,40,0,0,143,0,0,7,32,0,0,0,0,0,10,0,0,0,4,0,0,47,35,0,0,0,0,0,0,0,0,0,0,0,0,0,0,0,0,0,0,0,9,0,0,0,0,0,0,0,0,0,0,0,0,0,0,0,0,0,0,0,0,15,0,0,0,0,0,0,0,0,0,0,0,0,0,0,0,0
6,6,187,0,891,29,8,132,254,0,35,0,0,139,19,0,0,43,109,0,0,4,0,554,26,0,13,0,207,0,7,0,0,0,152,0,0,0,0,12,0,0,0,0,0,7,6,0,0,0,0,51,0,0,0,0,0,16,72,0,29,10,0,0,0,0,0,39,0,0,0,0,0,0,0,0,0,0,0,0,0,0,0,0,0,0,0,0,0,0,0,0,0,0,0,0,0,0,0,0,0,0,0,0,20,0,0,0,0,0,0,0,0,0,0,0,0,0,0
6,7,0,0,507,1134,38,113,263,0,0,11,2,0,33,0,0,0,97,0,0,4,0,107,0,0,0,0,488,0,38,0,0,0,76,0,0,0,0,136,0,0,4,0,0,0,5,0,0,0,0,0,0,0,0,0,0,0,0,0,12,0,0,0,0,0,0,0,0,0,0,0,0,0,0,0,0,0,0,0,0,0,0,0,0,0,0,0,0,0,0,0,0,0,0,0,0,0,0,0,0,0,0,0,0,0,0,0,0,0,0,0,0,0,0,0,3,0,0
6,8,179,59,297,130,678,183,142,0,135,63,0,15,196,5,0,3,75,33,38,150,0,49,0,26,18,35,73,0,71,12,16,0,19,0,0,0,0,190,17,0,0,0,11,0,38,0,28,0,0,25,0,6,0,0,0,0,0,0,16,12,0,0,0,0,0,18,0,0,0,0,0,0,0,0,0,0,0,0,0,0,0,0,0,0,0,0,0,0,0,0,0,0,0,0,0,0,0,0,0,0,0,0,0,0,0,0,0,0,10,0,0,0,0,0,0,0,0
7,5,0,0,403,0,0,0,0,0,0,0,0,0,1203,0,0,0,43,0,0,678,0,0,0,0,0,0,0,0,0,0,0,0,0,0,0,0,0,0,0,0,538,0,103,0,0,0,0,0,0,0,0,0,0,0,0,0,0,0,0,0,0,0,0,0,0,0,103,0,0,0,0,0,0,0,0,0,0,0,0,0,0,0,0,0,0,0,0,0,0,0,0,0,0,0,0,0,0,0,0,0,0,0,0,0,0,0,0,0,0,0,0,0,0,0,0,0,0
7,6,0,0,0,171,390,18,0,0,0,0,0,0,507,0,0,0,0,0,0,349,380,0,0,0,0,0,0,0,0,0,0,0,0,0,0,0,0,0,0,0,227,0,1007,22,0,0,0,0,0,0,0,0,0,0,0,0,0,0,0,0,0,0,0,0,0,0,0,0,0,0,0,0,0,0,0,0,0,0,0,0,0,0,0,0,0,0,0,0,0,0,0,0,0,0,0,0,0,0,0,0,0,0,0,0,0,0,0,0,0,0,0,0,0,0,0,0,0
7,7,0,0,406,0,1984,10,24,0,20,0,0,0,22,0,0,0,23,0,0,39,18,42,0,0,0,0,0,0,12,0,0,0,225,0,9,0,0,139,0,0,12,0,0,0,0,0,0,0,0,0,0,0,0,0,0,0,0,0,0,0,0,0,0,0,0,0,0,0,0,0,0,0,0,0,0,0,0,0,0,0,0,0,0,0,0,0,0,0,0,0,0,0,0,0,0,0,0,0,0,0,0,0,86,0,0,0,0,0,0,0,0,0,0,0,0,0,0
8,5,535,6,0,0,70,337,448,0,116,0,0,103,65,0,0,0,155,123,0,14,8,0,0,0,4,0,0,0,87,101,0,667,8,0,31,0,0,137,0,0,0,0,0,19,14,0,0,0,0,0,0,0,0,0,0,0,0,0,23,0,0,0,0,0,0,0,0,0,0,0,0,0,0,0,0,0,0,0,0,0,0,0,0,0,0,0,0,0,0,0,0,0,0,0,0,0,0,0,0,0,0,0,0,0,0,0,0,0,0,0,0,0,0,0,0,0,0
8,6,254,61,147,0,236,302,0,368,52,43,822,170,0,0,91,43,0,0,0,3,0,0,0,0,6,0,0,0,0,0,0,0,0,6,27,0,0,0,0,0,0,0,0,0,4,0,0,0,187,3,0,0,0,94,0,0,33,0,0,0,0,0,0,0,0,0,0,38,0,68,0,0,0,0,0,0,0,13,0,0,0,0,0,0,0,0,0,0,0,0,0,0,0,0,0,0,0,0,0,0,0,0,0,0,0,0,0,0,0,0,0,0,0,0,0,0,0
8,7,83,146,30,173,275,60,164,0,101,599,0,45,8,45,0,101,97,0,0,0,296,247,0,31,12,0,0,0,89,8,0,0,12,0,21,149,0,2,0,0,0,59,0,9,0,2,0,0,0,58,0,0,0,0,0,0,99,0,14,0,0,0,0,0,0,0,0,0,0,12,0,0,0,0,0,0,0,0,0,0,0,0,0,0,0,0,0,0,0,0,0,0,0,0,0,0,0,24,0,0,0,0,0,0,0,0,0,0,0,0,0,0,0,0,0,0,0
9,1,40,282,52,4,38,87,0,447,0,209,1075,20,12,20,211,0,0,0,0,0,0,0,0,0,30,0,0,0,0,0,0,0,0,46,0,10,6,25,0,39,0,0,0,0,0,6,0,0,0,4,0,0,0,0,120,0,0,0,0,0,0,0,0,164,0,0,0,0,0,10,0,0,0,0,89,0,0,0,0,0,0,0,0,0,0,0,0,0,0,0,0,0,0,0,0,0,0,25,0,0,0,0,0,0,0,0,0,0,0,0,0,0,0,0,0,0,0
9,5,0,173,40,32,143,33,96,734,0,84,819,0,0,44,0,0,64,0,0,0,0,0,0,0,0,0,0,0,20,0,0,0,0,113,0,0,231,0,0,0,0,0,0,5,0,0,11,0,144,0,0,0,0,0,0,0,29,59,0,0,0,0,0,0,0,0,0,29,0,0,0,15,0,0,84,0,0,0,0,0,0,0,0,0,0,0,0,0,53,0,0,0,0,0,0,0,0,0,16,0,0,0,0,0,0,0,0,0,0,0,0,0,0,0,0,0,0
9,6,0,489,37,360,38,20,211,0,830,228,194,7,122,0,0,0,129,0,0,52,0,0,0,12,0,0,0,0,0,0,0,0,0,0,0,0,0,0,0,42,0,0,0,4,31,0,123,0,0,0,0,0,0,0,0,0,0,0,0,112,0,0,0,0,0,0,0,5,0,18,0,7,0,0,0,0,0,0,0,0,0,0,0,0,0,0,0,0,0,0,0,0,0,0,0,0,0,0,0,0,0,0,0,0,0,0,0,0,0,0,0,0,0,0,0,0,0
10,3,206,173,0,82,12,102,99,814,0,36,758,24,0,0,8,0,29,0,0,0,0,0,0,0,45,0,0,0,35,0,0,0,0,104,0,0,17,0,0,72,0,0,0,0,0,0,0,0,0,7,0,0,0,0,9,0,0,0,0,0,50,0,0,14,0,0,0,0,0,105,0,0,0,24,130,9,0,0,60,0,0,0,0,0,0,0,0,0,47,0,0,0,0,0,0,0,0,0,0,0,0,0,0,0,0,0,0,0,0,0,0,0,0,0,0,0,0
10,5,421,10,51,715,26,107,67,0,18,115,88,40,0,0,0,0,44,0,0,0,0,0,226,213,181,0,0,0,25,0,0,0,0,0,8,0,130,0,0,96,0,0,0,0,0,0,0,0,113,44,0,0,0,1,0,0,0,16,0,0,50,0,145,0,0,0,0,15,0,19,0,19,0,31,0,11,0,0,0,0,0,0,0,0,0,0,0,0,0,0,0,0,0,0,20,0,0,6,0,0,0,0,0,0,0,0,0,0,0,0,0,0,0,0,0,0,0
10,7,81,142,28,59,10,51,868,515,0,46,0,96,56,0,22,0,212,16,0,69,0,0,0,0,0,0,0,0,156,0,0,0,0,13,0,0,268,0,0,17,0,0,0,0,11,0,0,0,109,0,0,0,0,77,0,0,0,62,0,0,0,0,0,0,0,0,0,9,0,17,0,37,0,0,10,0,0,14,0,0,0,0,0,0,0,0,0,0,0,0,0,0,0,0,0,0,0,0,0,0,0,0,0,0,0,0,0,0,0,0,0,0,0,0,0,0,0
11,6,7,70,288,0,0,102,12,299,514,59,986,23,35,10,43,22,5,0,0,9,0,0,0,0,13,127,0,0,0,0,0,0,0,0,91,20,0,0,24,25,0,0,0,0,4,0,0,0,0,211,0,0,0,47,12,0,0,0,0,0,0,0,0,0,0,0,0,0,0,0,0,0,0,0,0,0,0,13,0,0,0,0,0,0,0,0,0,0,0,0,0,0,0,0,0,0,0,0,0,0,0,0,0,0,0,0,0,0,0,0,0,0,0,0,0,0,0
11,7,23,369,76,357,35,120,348,149,134,6,640,19,115,0,0,4,110,0,0,63,0,147,0,38,6,0,0,0,65,0,0,0,0,17,9,0,0,14,0,106,0,0,0,0,19,0,0,0,5,19,0,0,0,0,0,0,0,0,0,0,0,0,0,0,0,0,0,0,0,0,0,56,0,0,0,0,0,2,0,0,0,0,0,0,0,0,0,0,0,0,0,0,0,0,0,0,0,0,0,0,0,0,0,0,0,0,0,0,0,0,0,0,0,0,0,0,0
11,8,353,228,40,679,12,13,296,199,66,244,0,5,0,127,0,0,217,33,0,0,0,0,0,0,0,0,0,0,11,109,0,0,0,9,6,14,0,0,7,121,0,0,0,0,0,0,59,0,34,0,0,0,87,0,0,0,0,11,0,0,0,0,0,0,0,0,0,7,0,0,0,18,0,0,0,0,0,0,0,0,0,0,0,0,0,0,0,0,0,30,0,17,0,0,0,14,0,0,0,0,5,0,0,0,0,0,0,0,0,0,0,0,0,0,0,0,0
12,5,91,259,109,18,501,327,422,22,57,0,0,16,0,0,90,15,191,0,0,0,0,0,4,0,0,0,0,0,85,274,0,0,0,5,0,0,0,305,0,0,0,0,0,0,0,0,0,0,0,0,0,0,0,7,0,0,0,0,0,0,0,0,0,0,0,0,0,0,0,0,217,0,0,0,0,0,0,0,0,0,0,0,0,30,0,0,0,0,0,0,0,0,0,0,0,0,0,0,0,0,0,0,0,26,0,0,0,0,0,0,0,0,0,0,0,0,0
12,6,699,215,206,0,162,0,0,403,54,13,399,0,0,0,109,0,0,0,0,0,0,0,45,209,27,0,0,0,0,257,0,0,0,36,14,8,0,14,0,59,0,0,0,10,0,0,0,0,0,0,0,0,0,18,0,0,0,0,0,0,0,0,46,0,0,0,0,0,0,0,30,0,0,0,0,0,0,0,0,0,0,0,0,0,0,0,0,0,0,0,0,0,0,0,29,0,0,9,0,0,0,0,0,0,0,0,0,0,0,0,0,0,0,0,0,0,0
12,8,316,151,93,0,201,41,640,68,5,133,0,0,0,0,0,0,210,55,0,0,0,0,44,0,0,0,0,0,106,327,0,0,0,15,0,0,0,160,0,177,0,0,0,0,0,15,0,0,0,0,0,0,0,0,0,0,49,0,0,0,0,0,0,0,60,0,0,0,0,0,153,0,0,0,0,0,0,0,0,5,0,0,0,0,0,0,18,0,0,0,0,0,0,0,0,0,0,0,0,0,0,0,0,9,0,0,0,0,0,20,0,0,0,0,0,0,0
13,1,341,243,69,0,495,449,162,202,9,0,0,52,0,0,0,0,112,362,0,0,0,0,0,171,0,0,0,0,49,78,0,0,0,49,0,0,112,37,0,48,0,0,0,0,0,0,0,0,0,0,0,0,0,0,0,0,0,27,0,0,4,0,0,0,0,0,0,0,0,0,0,0,0,0,0,0,0,0,0,0,0,0,0,0,0,0,0,0,0,0,0,0,0,0,0,0,0,0,0,0,0,0,0,0,0,0,0,0,0,0,0,0,0,0,0,0,0
13,4,19,269,162,569,371,162,224,165,0,0,39,0,0,0,7,0,94,0,0,0,0,34,104,0,0,0,0,0,73,210,0,0,0,46,0,0,156,55,0,0,0,0,0,0,0,0,0,0,0,15,0,0,0,138,0,0,0,21,0,0,0,0,24,0,0,0,0,0,32,0,0,0,0,0,0,0,0,20,0,0,0,0,0,0,0,0,0,0,0,41,0,0,0,0,0,16,0,5,0,0,0,0,0,0,0,0,0,0,0,0,0,0,0,0,0,0,0
13,5,70,746,8,22,69,273,249,178,0,0,110,16,7,0,0,0,198,0,0,0,0,0,0,557,0,0,0,0,84,0,0,0,0,0,0,0,67,51,0,44,0,0,0,25,0,0,0,0,0,0,0,0,0,177,0,0,24,0,0,0,0,0,0,0,0,11,0,0,17,0,0,0,0,0,0,0,0,36,0,0,0,0,0,0,0,0,0,0,0,0,0,0,0,0,20,0,0,11,1,0,0,0,0,0,0,0,0,0,0,0,0,0,0,0,0,0,0
14,5,101,251,452,0,432,392,395,0,72,4,0,49,0,0,13,19,170,0,0,0,0,0,0,0,0,0,0,0,75,138,0,0,0,0,114,0,309,6,0,0,0,0,0,0,0,0,0,0,0,0,0,0,0,0,0,0,0,57,0,0,0,0,0,0,0,0,0,0,0,0,0,0,0,0,0,0,0,0,0,0,0,22,0,0,0,0,0,0,0,0,0,0,0,0,0,0,0,0,0,0,0,0,0,0,0,0,0,0,0,0,0,0,0,0,0,0,0
14,7,111,0,257,0,90,52,261,526,0,0,0,0,0,18,0,23,79,0,0,0,0,0,486,649,0,0,0,0,53,0,0,0,0,124,0,0,12,36,0,48,0,0,0,0,0,0,0,0,0,0,0,0,0,11,0,0,29,0,0,0,0,0,109,0,0,0,0,0,0,0,58,0,0,0,0,0,0,0,0,0,0,0,0,0,0,0,0,0,0,0,1,0,0,0,8,0,0,11,0,0,0,0,0,0,0,0,0,0,19,0,0,0,0,0,0,0,0
14,8,441,0,341,40,274,124,183,0,15,14,0,8,206,0,526,73,51,0,0,174,0,0,264,0,0,0,0,0,25,4,0,0,0,0,6,0,150,8,0,0,0,0,0,0,35,0,0,0,0,0,0,0,0,2,0,0,0,27,0,0,42,0,0,0,0,0,0,0,0,0,0,0,0,11,0,13,0,0,0,0,0,0,0,0,0,0,0,0,0,0,14,0,0,0,0,0,0,0,0,0,0,0,0,0,0,0,0,0,0,0,0,0,0,0,0,0,0
15,1,68,169,0,0,0,0,72,368,14,0,1373,37,12,0,0,0,22,0,80,7,0,148,0,0,67,0,0,0,4,0,0,0,0,67,0,0,63,0,0,0,0,0,0,0,10,0,0,0,0,0,264,0,169,0,0,0,0,6,0,0,0,0,0,0,0,0,0,0,48,0,0,0,0,0,0,0,0,0,0,0,0,0,0,0,0,0,0,0,0,0,0,0,0,0,0,0,0,3,0,0,0,0,0,0,0,0,0,0,0,0,0,0,0,0,0,0,0
15,6,237,600,38,0,21,40,4,1412,0,0,180,4,16,0,0,0,0,59,0,0,0,0,0,4,35,0,0,15,0,0,0,0,0,0,0,0,1,208,0,0,0,0,0,20,0,0,0,0,128,0,0,0,0,0,0,0,0,0,0,0,0,0,0,0,0,0,0,25,0,0,0,0,0,0,0,0,0,0,0,0,0,0,0,0,0,0,0,0,0,0,0,0,0,0,0,0,0,24,0,0,0,0,0,0,0,0,0,0,0,0,0,0,0,0,0,0,0
15,7,106,107,0,0,37,6,82,772,62,8,1002,45,0,0,0,0,16,81,0,0,0,0,0,0,13,0,0,0,14,0,0,0,0,136,0,3,294,0,3,0,0,26,0,0,0,0,0,0,0,0,0,13,147,0,0,0,0,30,0,0,0,0,0,0,0,0,0,0,0,43,0,0,0,0,0,0,0,0,0,0,0,0,18,0,0,0,0,0,0,0,0,0,0,0,0,0,0,0,0,0,0,7,0,0,0,0,0,0,0,0,0,0,0,0,0,0,0
16,5,2,0,217,577,64,150,565,0,113,0,0,3,400,0,0,0,197,0,0,207,56,37,0,0,0,0,0,0,73,0,12,0,159,0,39,0,0,107,0,0,4,0,0,0,85,0,4,0,0,0,0,0,0,0,0,0,0,0,0,0,0,0,0,0,0,0,0,0,0,0,0,0,0,0,0,0,0,0,0,0,0,0,0,0,0,0,0,0,0,0,0,0,0,0,0,0,0,0,0,0,0,0,0,0,0,0,0,0,0,0,0,0,0,0,0,0,0
16,6,0,0,110,0,268,29,744,13,49,0,0,26,536,0,0,12,179,0,0,130,69,0,0,0,0,3,0,0,118,0,539,0,78,0,13,0,0,0,0,0,0,0,0,0,150,0,0,0,5,0,0,0,0,0,0,0,0,0,0,0,0,0,0,0,0,0,0,0,0,0,0,0,0,0,0,0,0,0,0,0,0,0,0,0,0,0,0,0,0,0,0,0,0,0,0,0,0,0,0,0,0,0,0,0,0,0,0,0,0,0,0,0,0,0,0,0,0
16,7,0,0,165,86,470,12,609,0,12,0,0,47,293,0,0,76,399,0,0,69,139,0,0,0,0,4,0,0,120,0,268,0,24,0,0,0,0,104,0,0,0,0,0,0,74,0,62,0,0,0,0,0,0,0,0,0,0,0,29,0,0,0,0,0,0,0,0,0,0,0,0,0,0,0,0,0,0,0,0,0,0,0,0,0,0,0,0,0,0,0,0,0,0,0,0,0,0,0,0,0,0,0,0,0,0,0,0,0,0,0,0,0,9,0,0,0,0
17,4,295,498,0,100,154,127,337,0,0,0,0,477,76,0,0,0,150,153,0,63,0,0,0,64,66,0,0,0,76,21,0,0,0,0,0,0,0,13,0,0,0,103,0,6,23,0,0,0,0,0,0,0,0,0,0,0,0,0,0,0,145,0,0,0,0,0,0,0,0,0,0,0,0,69,0,55,0,0,0,0,0,0,0,0,0,0,0,0,0,0,0,0,0,0,0,0,0,0,0,0,0,0,0,0,0,0,0,0,0,0,0,0,0,0,0,0,0
17,5,912,0,0,0,100,105,254,0,0,85,0,416,9,0,0,0,100,299,0,6,146,0,0,159,93,0,0,0,65,4,0,0,0,0,0,0,0,0,0,0,0,0,0,286,0,0,0,0,0,0,0,0,0,0,0,0,0,0,0,0,0,0,0,0,0,0,0,0,0,0,0,12,0,0,0,0,0,0,0,0,0,0,0,0,0,0,0,0,0,0,0,0,20,0,0,0,0,0,0,0,0,0,0,0,0,0,0,0,0,0,0,0,0,0,0,0,0
17,6,180,119,0,119,83,33,664,0,301,177,0,108,30,0,0,261,297,137,0,29,0,0,0,139,23,0,0,0,186,0,0,6,0,0,152,0,0,0,0,0,0,0,0,15,0,0,0,0,0,0,0,0,0,0,0,0,0,0,0,0,0,0,0,0,0,0,0,0,0,0,0,0,0,0,0,0,0,0,0,0,0,0,0,0,0,0,0,0,0,0,0,0,0,0,0,12,0,0,0,0,0,0,0,0,0,0,0,0,0,0,0,0,0,0,0,0,0
18,1,350,0,14,120,123,155,326,0,161,0,0,417,14,0,542,147,189,0,0,2,0,0,30,17,0,0,0,0,106,132,0,112,32,0,35,0,0,12,0,0,0,0,0,0,9,0,0,0,0,0,0,0,0,0,0,0,0,0,0,0,0,0,0,0,0,0,0,0,0,0,0,0,0,0,0,0,0,0,0,0,0,0,0,21,0,0,0,0,0,0,0,0,0,0,0,0,0,0,0,0,0,0,0,0,5,0,0,0,0,0,0,0,0,0,0,0,0
18,5,175,0,4,0,172,64,602,0,280,25,0,336,125,0,17,237,281,0,0,53,49,0,0,146,127,0,0,0,154,0,0,63,25,0,50,0,0,15,0,0,0,0,0,0,39,0,0,0,0,0,0,0,0,0,0,0,0,0,0,0,0,0,0,0,0,0,0,0,0,0,0,0,0,0,0,0,0,0,0,0,0,0,0,0,0,0,0,0,0,0,0,0,0,0,0,0,0,0,0,0,0,0,0,0,0,24,0,0,0,0,0,8,0,0,0,0,0
18,6,0,0,0,39,82,491,526,9,419,0,0,225,37,0,10,140,225,0,0,11,15,0,0,0,18,0,0,0,124,58,0,52,8,0,114,0,0,23,0,0,0,0,0,437,8,0,0,0,0,0,0,0,0,0,0,0,0,0,0,0,0,0,0,0,0,0,0,0,0,0,0,0,0,0,0,0,0,0,0,0,0,0,0,0,0,0,0,0,0,0,0,0,0,0,0,0,0,0,0,0,0,0,0,0,0,0,0,0,0,0,0,0,0,0,0,0,0
19,2,405,511,79,21,0,204,178,7,245,300,0,210,71,0,72,245,128,71,0,31,0,0,0,79,37,0,0,0,57,0,0,0,19,0,56,0,0,0,0,0,6,0,0,0,18,0,0,0,0,6,0,0,0,0,0,0,0,0,0,0,0,0,0,0,0,0,0,0,0,0,0,0,0,0,0,0,0,0,0,0,0,0,0,0,0,0,15,0,0,0,0,0,0,0,0,0,0,0,0,0,0,0,0,0,0,0,0,0,0,0,0,0,0,0,0,0,0
19,5,0,0,622,0,72,103,288,0,472,0,0,787,0,0,68,0,108,0,0,0,0,0,6,0,0,0,0,0,54,0,0,0,15,0,200,0,0,19,0,0,0,0,0,0,0,0,0,0,0,0,0,0,63,0,0,0,0,0,0,0,0,0,0,0,103,14,0,0,0,0,0,0,0,0,0,0,0,0,0,0,0,0,0,0,0,0,0,0,0,0,0,62,0,0,0,0,0,0,0,0,0,0,0,0,0,0,15,0,0,0,0,0,0,0,0,0,0
19,8,219,0,397,0,93,220,221,0,147,335,0,257,16,0,410,26,187,0,0,10,0,0,123,31,0,0,0,0,70,0,0,0,13,0,0,0,0,18,0,0,0,0,0,0,10,0,0,0,0,0,0,0,23,0,0,0,0,0,0,0,0,0,60,0,46,0,0,0,0,0,0,0,0,0,0,0,0,0,0,0,0,0,0,0,0,0,92,0,0,0,0,30,0,0,0,0,0,0,0,0,0,0,0,0,0,0,17,0,0,0,0,0,0,0,0,0,0
20,1,0,119,152,0,498,12,113,597,0,32,0,0,0,0,433,0,23,0,0,0,0,0,188,37,0,0,0,148,0,0,0,0,0,128,0,0,7,0,0,0,0,0,0,0,0,0,0,0,5,0,0,0,0,0,0,0,0,0,0,0,0,237,0,0,0,0,0,0,0,0,0,0,0,0,0,0,208,0,0,0,0,0,0,0,0,0,0,0,0,0,0,0,0,0,0,0,0,0,5,0,120,0,0,0,0,0,0,0,9,0,0,0,0,0,0,0,0
20,2,83,390,0,0,172,75,24,342,0,0,144,0,0,0,71,0,23,0,0,0,0,0,0,119,0,0,0,259,33,55,0,0,0,75,0,0,17,41,0,0,0,0,0,0,0,0,0,0,0,2,0,0,0,0,0,0,0,12,0,0,208,433,0,0,0,0,0,0,0,263,0,0,0,66,0,77,38,0,0,0,0,0,0,35,0,0,0,0,0,0,0,0,0,0,0,0,0,0,14,0,0,0,0,0,0,0,0,0,0,0,0,0,0,0,0,0,0
20,4,202,189,0,0,166,337,297,397,0,0,16,0,0,0,25,0,45,0,0,0,0,0,139,40,0,0,0,254,91,0,0,0,0,82,0,0,78,0,0,0,0,0,0,0,0,0,0,187,58,0,0,0,0,0,0,0,0,0,0,0,0,0,0,0,0,0,0,14,0,0,0,0,0,0,0,0,14,0,0,0,0,0,0,0,14,413,0,0,0,0,0,0,0,0,0,0,0,0,0,0,0,0,0,0,0,0,0,0,0,0,0,0,0,8,0,5,0
21,4,208,55,162,0,305,41,54,195,615,67,0,0,0,0,0,0,0,0,0,0,0,0,29,337,21,0,0,827,0,42,0,0,0,25,88,0,0,0,0,0,0,0,0,0,0,0,0,0,0,0,0,0,0,0,0,0,0,0,0,0,0,0,0,0,0,0,0,0,0,0,0,0,0,0,0,0,0,0,0,0,0,0,0,0,0,0,0,0,0,0,0,0,0,0,0,0,0,0,0,0,0,0,0,0,0,0,0,0,0,0,0,0,0,0,0,0,0
21,5,154,0,176,0,504,69,148,0,0,14,232,17,0,0,286,31,48,0,0,0,0,0,361,89,22,0,0,220,65,113,0,0,0,0,0,0,0,15,0,0,0,287,0,0,0,0,0,0,0,0,0,0,0,0,0,0,0,0,0,0,0,0,16,50,0,0,0,0,0,0,0,0,0,0,0,0,0,0,0,0,0,0,0,113,0,0,0,0,0,0,0,0,0,0,0,9,0,0,0,0,0,0,0,0,0,32,0,0,0,0,0,0,0,0,0,0,0
21,7,175,186,110,0,125,80,239,471,0,0,0,35,32,0,0,242,138,0,0,38,0,250,159,75,0,0,0,310,30,60,0,0,0,86,0,0,0,87,0,0,0,0,0,0,15,0,0,0,0,0,0,0,0,0,0,0,0,0,0,0,51,0,0,0,0,0,0,0,0,0,0,0,0,36,0,21,0,0,0,0,0,0,0,20,0,0,0,0,0,0,0,0,0,0,0,0,0,0,0,0,0,0,0,0,0,0,0,0,0,0,0,0,0,0,0,0,0
22,5,679,164,0,0,787,82,49,0,229,60,0,101,150,209,0,0,17,34,1,90,0,0,0,56,63,67,0,0,26,0,36,0,0,0,0,0,0,0,0,0,0,32,0,0,36,0,46,0,0,0,0,51,0,0,0,0,0,0,0,0,0,0,0,0,0,0,0,0,0,0,0,0,0,0,0,0,0,0,0,0,0,0,0,0,0,0,0,6,0,0,0,0,0,0,0,0,0,0,0,0,0,0,0,0,0,0,0,0,0,0,0,0,0,0,0,0,0
22,6,341,79,0,24,9,36,260,0,407,65,0,633,56,0,0,0,112,125,0,10,278,77,0,84,4,91,0,0,74,0,0,20,8,0,0,0,0,7,0,0,0,38,0,69,12,0,73,0,0,0,0,4,0,0,0,0,0,0,0,0,0,0,0,0,0,0,0,0,0,0,0,0,0,0,0,0,0,0,0,0,0,0,0,0,0,0,0,75,0,0,0,0,0,0,0,0,0,0,0,0,0,0,0,0,0,0,0,0,0,0,0,0,0,0,0,0,0
22,10,185,240,79,134,195,37,246,370,376,110,9,273,0,66,0,0,208,20,28,0,0,5,0,31,62,134,0,0,12,0,0,0,0,41,0,16,0,15,27,8,0,0,0,27,0,0,19,0,0,2,0,0,0,0,0,0,7,0,26,12,0,0,0,0,0,0,0,0,0,0,0,32,0,0,2,0,0,0,0,0,0,0,0,0,0,0,0,0,0,0,0,0,0,0,0,0,0,9,8,0,0,0,0,0,0,0,0,0,0,0,0,0,0,0,0,0,0
23,4,434,43,0,460,216,105,0,0,578,30,0,173,113,0,0,0,0,0,0,138,3,0,0,21,5,146,0,0,24,20,20,5,27,0,0,86,0,3,129,0,0,41,0,0,34,0,82,0,0,0,0,128,0,0,0,0,0,0,7,0,0,0,0,0,0,0,0,0,0,0,0,0,0,0,0,0,0,0,0,0,0,0,0,0,0,0,0,0,0,0,0,0,0,0,0,0,0,0,0,0,0,0,0,0,0,0,0,0,0,0,0,0,0,0,0,0,0
23,5,28,5,0,716,326,273,106,0,326,0,0,226,56,0,0,0,80,181,0,31,0,0,0,92,93,293,0,0,47,11,0,0,0,0,31,20,0,12,4,0,0,32,0,0,12,0,8,0,0,0,0,46,0,0,0,0,0,0,0,0,0,0,0,0,0,0,0,0,0,0,0,0,0,0,0,0,0,0,0,0,0,0,0,0,0,0,0,0,0,0,0,0,0,0,0,0,16,0,0,0,0,0,0,0,0,0,0,0,0,0,0,0,0,0,0,0,0
23,6,412,0,19,176,186,280,383,0,170,316,0,111,45,0,0,39,214,1,34,19,0,3,0,88,11,380,0,0,68,0,0,0,15,0,27,0,0,19,0,0,0,0,0,0,9,0,7,0,0,0,0,0,0,0,0,0,0,0,0,0,9,0,0,0,0,0,0,0,0,0,0,0,0,8,0,0,0,0,0,0,0,0,0,18,0,0,0,0,0,0,0,0,0,0,0,0,0,0,0,0,0,0,0,0,0,0,4,0,0,0,0,0,0,0,0,0,0
24,2,0,0,0,78,1355,65,189,0,195,32,0,0,296,0,0,0,68,0,0,77,363,0,0,0,0,100,0,0,61,0,0,0,0,0,31,0,0,20,5,0,0,0,0,0,93,0,19,0,0,0,0,24,0,0,0,0,0,0,0,0,0,0,0,0,0,0,0,0,0,0,0,0,0,0,0,0,0,0,0,0,0,0,0,0,0,0,0,0,0,0,0,0,0,0,0,0,0,0,0,0,0,0,0,0,0,0,0,0,0,0,0,0,0,0,0,0,0
24,5,0,0,0,609,13,45,169,0,5,0,0,0,644,0,0,0,46,0,0,162,176,30,0,0,4,693,0,0,31,0,0,0,0,0,0,0,0,8,0,0,0,0,0,0,163,0,162,0,0,0,0,0,0,0,0,0,0,0,0,0,0,0,0,0,0,0,0,0,0,0,0,0,0,0,0,0,0,0,0,0,0,0,0,0,0,0,0,0,0,0,0,0,0,96,0,0,0,0,0,0,0,0,0,0,0,0,0,0,0,0,15,0,0,0,0,0,0
24,6,0,0,0,47,91,171,797,7,21,15,0,24,291,0,0,0,332,7,0,79,816,0,0,0,4,116,0,0,130,0,0,0,0,0,0,0,0,0,0,0,0,0,0,0,77,0,25,0,0,0,0,0,0,0,0,0,0,0,0,0,0,0,0,0,0,0,0,0,0,0,0,0,0,0,0,0,0,0,0,0,0,0,0,9,0,0,0,0,0,0,0,0,0,0,0,0,12,0,0,0,0,0,0,0,0,0,0,0,0,0,0,0,0,0,0,0,0
25,4,213,0,49,0,91,25,127,0,807,250,0,195,55,0,374,113,74,29,0,22,0,0,0,0,93,0,0,0,65,0,0,0,18,0,27,0,0,0,0,0,0,0,0,0,9,0,84,0,0,0,262,87,0,0,0,0,0,0,0,0,0,0,0,0,0,0,0,0,0,0,0,0,0,0,0,0,0,0,0,0,0,2,0,0,0,0,0,0,0,0,0,0,0,0,0,0,0,0,0,0,0,0,0,0,0,0,0,0,0,0,0,0,0,0,0,0,0
25,5,269,323,0,49,17,0,359,0,234,405,0,219,74,0,8,47,193,234,72,49,4,0,0,0,18,0,0,0,120,20,0,0,0,0,38,0,0,63,0,0,0,0,0,0,11,0,162,0,0,0,0,0,0,0,0,0,0,0,0,0,0,0,0,0,0,0,0,0,0,0,0,0,0,0,0,0,0,0,0,0,0,0,0,75,0,0,0,0,0,0,0,0,0,0,0,0,0,8,0,0,0,0,0,0,0,0,0,0,0,0,0,0,0,0,0,0,0
25,6,346,177,89,242,16,96,139,0,281,369,0,443,27,0,0,28,75,103,0,18,0,44,0,1,188,0,0,0,63,90,0,6,40,0,44,0,0,0,0,0,0,0,0,0,4,0,132,0,0,0,0,10,0,0,0,0,0,0,0,0,0,0,0,0,0,0,0,0,0,0,0,0,0,0,0,0,0,0,0,0,0,0,0,0,0,0,0,0,0,0,0,0,0,0,0,0,0,0,0,0,0,0,0,0,0,0,0,0,0,0,0,0,0,0,0,0,0
