field_key,sample,otu_1,otu_2,otu_3,otu_4,otu_5,otu_6,otu_7,otu_8,otu_9,otu_10,otu_11,otu_12,otu_13,otu_14,otu_15,otu_16,otu_17,otu_18,otu_19,otu_20,otu_21,otu_22,otu_23,otu_24,otu_25,otu_26,otu_27,otu_28,otu_29,otu_30,otu_31,otu_32,otu_33,otu_34,otu_35,otu_36,otu_37,otu_38,otu_39,otu_40,otu_41,otu_42,otu_43,otu_44,otu_45,otu_46,otu_47,otu_48,otu_49,otu_50,otu_51,otu_52,otu_53,otu_54,otu_55,otu_56,otu_57,otu_58,otu_59,otu_60,otu_61,otu_62,otu_63,otu_64,otu_65,otu_66,otu_67,otu_68,otu_69,otu_70,otu_71,otu_72,otu_73,otu_74,otu_75,otu_76,otu_77,otu_78,otu_79,otu_80,otu_81,otu_82,otu_83,otu_84,otu_85,otu_86,otu_87,otu_88,otu_89,otu_90,otu_91,otu_92,otu_93,otu_94,otu_95,otu_96,otu_97,otu_98,otu_99,otu_100,otu_101,otu_102,otu_103,otu_105,otu_106,otu_107,otu_108,otu_109,otu_110,otu_111,otu_112,otu_113,otu_114,otu_115,otu_116,otu_117,otu_118,otu_119,otu_120,otu_121,otu_122,otu_123,otu_124,otu_125,otu_127,otu_128,otu_129,otu_130,otu_131,otu_132,otu_133,otu_134,otu_135,otu_137,otu_138,otu_139,otu_140,otu_141,otu_142,otu_143,otu_144,otu_145,otu_146,otu_147,otu_148,otu_149,otu_150,otu_151,otu_152
1,1,120,195,51,0,307,120,88,143,0,18,0,0,69,0,0,13,111,0,0,47,0,0,0,76,33,0,0,0,64,0,0,16,0,21,0,0,0,0,0,0,0,0,0,0,24,0,0,0,108,0,0,0,0,0,20,0,0,0,0,0,67,0,0,0,0,0,0,16,18,0,0,30,0,14,0,17,0,0,0,0,0,22,0,0,0,0,0,0,0,0,0,0,0,0,0,0,0,0,0,0,0,0,0,0,0,0,0,0,0,0,0,0,0,0,0,0,0,0,0,0,0,0,0,0,0,0,0,0,0,0,0,0,0,0,0,0,0,0,0,0,0,0,0,0,0,0,0,0,0
1,2,102,195,378,267,1006,275,120,171,61,0,0,0,20,0,250,0,47,0,0,17,0,0,0,0,19,0,0,79,14,0,0,0,0,0,22,0,38,0,0,0,0,0,0,0,16,0,0,910,107,0,0,0,0,0,0,0,0,6,0,0,0,0,0,0,0,0,0,10,101,0,0,0,0,0,0,0,0,0,0,0,0,0,0,0,0,0,0,0,0,0,0,0,0,0,0,0,0,0,0,0,0,26,0,0,0,0,0,0,0,0,0,0,0,0,0,0,0,0,0,0,0,0,0,0,0,0,0,0,0,0,0,0,0,0,0,0,0,0,0,0,0,0,0,0,0,0,0,0,0
1,4,17,279,30,0,395,16,184,894,0,0,1021,0,0,0,0,0,47,0,221,0,0,0,0,0,0,0,0,0,49,0,0,0,0,117,0,0,304,0,0,0,0,0,0,14,0,0,0,0,15,0,0,0,0,0,0,0,0,41,0,0,97,0,0,0,0,0,0,3,64,0,0,0,0,42,0,26,0,0,0,0,0,0,0,0,0,0,0,0,0,0,0,0,0,0,0,0,0,0,0,0,0,0,0,0,0,0,0,0,0,0,0,0,0,0,0,0,0,0,0,0,0,0,0,0,0,0,0,0,0,0,0,0,0,0,0,0,0,0,0,0,0,0,0,0,0,0,0,0,0
1,5,0,0,486,30,566,223,550,33,0,16,0,0,0,0,14,6,104,12,0,0,0,0,94,0,0,0,0,202,71,0,0,0,0,0,0,0,0,0,0,0,0,0,0,0,0,0,0,405,93,0,0,0,0,0,0,0,202,0,0,0,0,0,0,0,0,14,0,20,220,0,0,0,0,0,0,0,0,0,0,0,0,24,0,0,49,0,0,0,0,0,0,0,0,0,0,0,0,0,0,0,0,0,0,0,0,0,0,0,0,0,0,0,0,0,0,0,0,0,0,0,0,0,0,0,0,0,13,0,0,0,0,0,0,0,0,0,0,0,0,0,0,0,0,0,0,0,0,0,0
1,7,55,111,275,0,516,110,21,148,0,0,103,0,55,0,164,0,12,0,0,31,0,0,15,21,0,0,0,49,0,32,0,33,0,0,0,0,0,0,0,0,0,0,0,0,17,0,0,128,131,0,0,0,0,0,0,0,0,0,0,0,0,0,0,0,0,0,0,38,9,0,0,0,0,0,0,9,0,0,0,0,0,0,0,0,43,0,0,0,0,0,0,3,0,0,0,0,0,0,0,0,0,186,0,0,0,0,0,0,0,2,0,0,0,0,0,0,0,0,0,0,0,0,0,0,0,0,0,0,0,0,0,0,0,0,0,0,0,0,0,0,0,0,0,0,0,0,0,0,0
1,8,130,505,129,0,113,26,55,758,26,110,0,8,0,0,39,0,11,0,0,0,0,0,0,0,8,0,0,0,23,0,0,0,0,119,5,0,0,177,0,0,0,0,0,30,0,0,0,162,18,11,0,0,0,217,0,0,0,0,0,0,0,0,93,0,0,0,0,0,34,163,0,0,0,0,0,0,0,32,0,0,0,0,0,0,17,0,0,0,0,0,0,0,0,0,0,0,0,0,0,43,0,0,0,0,0,0,0,0,0,0,0,0,0,0,0,0,0,0,0,0,0,0,0,0,0,0,0,0,0,0,0,0,0,0,0,0,0,0,0,7,0,0,0,0,0,0,0,0,0
1,10,144,359,193,0,648,30,16,151,0,28,361,0,4,0,74,0,12,0,0,0,0,0,0,0,0,0,0,64,0,0,0,0,0,31,0,0,0,0,0,0,0,0,0,0,0,0,0,178,304,0,0,0,0,3,0,0,0,0,0,0,14,0,0,0,0,0,0,61,10,0,0,0,0,9,0,0,0,0,0,0,0,0,0,0,45,0,0,0,0,0,0,0,14,0,0,0,0,0,0,0,0,13,0,0,0,0,0,0,0,0,0,0,0,0,0,0,0,0,0,0,0,0,0,0,0,0,0,0,0,0,0,0,0,0,0,0,0,0,0,0,0,0,0,0,0,0,0,0,0
2,1,1251,0,2407,0,275,278,30,0,293,37,0,0,24,0,125,191,17,314,0,14,0,0,0,33,59,0,0,0,37,0,0,0,0,0,29,0,0,0,0,0,0,0,0,0,6,0,0,0,0,0,0,18,0,0,0,0,13,0,0,0,0,0,0,0,0,0,0,0,0,0,0,0,0,0,0,0,0,8,0,0,0,159,0,0,0,0,0,0,0,42,0,0,0,0,0,0,0,7,0,0,0,0,0,0,0,0,0,0,0,12,0,0,0,0,0,0,0,0,0,0,0,0,0,0,0,0,0,0,0,0,0,0,0,0,0,0,0,0,0,0,0,0,0,0,0,0,0,0,0
2,3,454,25,84,0,265,541,95,0,288,352,0,69,49,0,438,479,73,19,0,27,0,0,0,175,32,0,0,0,59,0,0,441,0,0,26,74,0,0,66,0,0,44,0,0,10,0,50,0,0,0,0,7,0,0,0,0,0,0,0,0,0,0,0,0,0,0,0,0,0,0,0,0,0,0,0,0,0,0,0,0,0,0,0,0,0,0,0,0,0,0,0,20,0,0,0,0,0,0,0,0,0,0,0,0,0,0,0,0,0,0,0,0,0,0,0,0,0,0,0,0,0,0,0,0,0,0,0,0,0,0,0,0,0,0,0,0,0,0,0,0,0,0,0,0,0,0,0,0,0
2,5,393,0,2247,0,1381,26,0,0,294,109,0,0,0,0,722,39,16,293,0,0,0,0,0,105,230,113,0,0,0,0,0,0,0,0,73,35,0,0,20,0,0,0,0,5,0,0,0,0,0,0,0,0,0,0,0,0,0,0,0,0,0,0,0,0,0,0,0,0,0,0,0,0,0,0,0,0,0,0,0,0,0,0,0,35,0,0,0,0,0,0,0,0,0,0,0,0,0,0,0,0,0,0,0,0,0,0,0,0,0,0,0,0,0,0,0,0,0,0,0,0,0,0,0,0,0,0,0,0,0,0,0,0,0,0,0,0,0,0,0,0,0,0,0,0,0,0,0,0,0
2,6,0,0,1454,0,695,272,20,0,223,8,0,224,7,0,298,66,16,352,0,15,0,0,0,130,288,0,0,0,0,0,0,0,0,0,39,132,0,40,40,0,0,70,0,0,0,916,0,0,0,0,0,0,0,0,0,0,0,0,0,0,0,0,0,0,0,0,0,0,0,0,0,0,0,0,0,0,0,0,0,183,0,0,0,0,0,0,0,0,0,0,0,0,0,0,0,0,0,0,17,30,0,0,0,0,0,0,0,0,0,0,0,0,0,19,0,0,0,0,0,0,0,0,0,0,0,0,0,0,0,0,0,0,0,0,0,0,0,0,0,0,0,0,0,0,0,0,0,0,0
2,7,1621,0,1102,0,708,50,0,0,76,365,0,44,0,0,1651,335,0,47,0,0,0,0,0,320,122,111,0,0,0,0,0,87,0,6,0,22,0,0,18,0,0,58,0,30,0,0,0,0,0,0,0,0,0,0,0,0,0,0,0,15,0,0,0,0,0,0,0,0,0,0,0,0,0,0,0,0,0,0,0,0,0,0,0,0,0,0,0,0,0,42,0,0,0,0,0,0,0,19,0,0,0,0,0,0,0,0,0,0,0,0,0,0,0,0,0,0,0,0,0,0,0,0,0,0,0,0,0,0,0,0,0,0,0,0,0,0,0,0,0,0,0,0,0,0,0,0,0,0,0
2,8,352,0,1252,0,125,109,317,0,226,316,0,128,12,0,154,150,277,158,0,11,0,0,59,98,0,154,0,0,82,0,0,0,0,0,23,0,0,0,0,0,0,0,0,0,0,1030,0,0,0,0,0,12,0,0,0,0,0,0,0,0,0,0,0,0,0,0,0,0,0,0,0,0,0,0,0,0,0,0,0,156,0,0,0,0,0,0,0,0,0,0,0,0,0,0,0,0,0,0,0,0,0,0,0,0,0,0,0,0,0,0,0,0,0,0,0,0,0,0,0,0,0,0,0,0,0,0,0,0,0,0,0,0,0,0,0,0,0,0,0,0,0,0,0,0,0,0,0,0,0
2,9,302,0,526,0,726,139,0,0,0,78,0,39,27,0,0,34,0,0,0,27,0,0,0,44,226,120,0,0,0,0,0,696,0,0,0,506,0,0,238,0,0,12,0,0,4,0,264,0,0,0,0,0,0,0,0,0,0,0,0,0,0,0,0,0,0,0,0,0,0,0,0,0,0,0,0,0,0,0,0,0,0,0,0,0,0,0,0,0,0,90,0,0,0,0,0,0,0,0,0,0,0,0,0,0,0,0,0,0,0,0,0,0,0,0,0,0,0,0,0,0,0,0,0,0,0,0,0,0,0,0,0,0,0,0,0,0,0,0,0,0,0,0,0,0,0,0,0,0,0
3,1,25,0,0,1206,1059,71,84,0,0,0,0,0,191,0,0,0,11,0,0,94,1199,0,0,0,7,0,0,0,0,0,0,0,0,0,0,0,0,0,0,0,43,0,0,0,19,0,0,0,0,0,0,0,0,0,0,21,0,0,0,0,0,0,0,0,0,0,0,0,0,0,0,0,85,0,0,0,0,0,0,0,0,0,0,0,0,0,0,0,0,0,0,0,0,0,0,0,0,0,0,0,0,0,0,0,0,0,0,0,0,0,0,0,0,0,0,0,0,0,0,0,0,0,0,0,0,0,0,0,0,0,0,0,0,0,0,0,0,0,0,0,0,0,0,0,0,0,0,0,0
3,2,15,0,0,2064,52,159,15,0,0,0,0,0,495,0,0,0,0,0,0,239,302,0,0,0,0,0,0,0,12,0,0,0,0,0,0,0,0,0,0,0,111,0,0,0,59,0,0,0,0,0,0,0,0,0,0,0,0,0,0,0,0,0,0,0,0,0,0,0,0,0,0,0,30,0,0,0,0,0,0,0,0,0,0,0,0,0,0,0,0,0,0,0,0,0,0,0,0,0,0,0,0,0,0,0,0,0,0,0,0,0,0,0,0,0,0,0,0,0,0,0,0,0,0,0,0,0,0,0,0,0,0,0,0,0,0,0,0,0,0,0,0,0,0,0,0,0,0,0,0
3,4,4,0,0,171,174,4,203,0,31,0,0,14,787,0,0,0,37,0,25,268,717,0,0,0,0,0,0,0,83,0,0,0,51,0,0,440,0,0,336,0,23,0,0,0,197,0,0,0,0,0,0,0,0,0,37,54,0,0,0,0,0,0,0,0,0,0,0,0,0,0,0,0,141,0,0,0,0,0,0,0,13,0,0,0,0,0,0,0,0,0,0,0,0,0,85,0,0,0,0,0,0,0,0,0,0,0,0,0,0,0,0,0,0,0,0,0,0,0,0,0,0,0,0,0,0,0,0,0,0,0,0,0,0,0,0,0,0,0,0,0,0,0,0,0,0,0,0,0,0
3,6,0,306,10,0,0,272,599,0,0,5,0,0,664,0,0,0,186,0,498,348,1014,25,16,0,0,0,0,0,244,0,3,0,258,0,0,0,0,171,0,0,127,0,0,0,70,0,0,0,0,0,0,0,0,0,0,0,0,0,0,0,0,0,0,0,0,0,0,0,0,0,0,0,0,0,0,0,0,0,0,0,0,0,0,0,0,0,0,0,0,0,0,0,0,0,102,0,0,0,0,0,0,0,0,0,0,0,0,0,0,0,0,0,0,0,0,0,0,0,0,0,0,0,0,0,0,0,0,0,0,0,0,0,0,0,0,0,0,0,0,0,0,0,0,0,0,0,0,0,0
3,7,0,31,0,0,9,28,540,0,290,0,0,0,918,0,0,0,144,0,16,416,2627,35,0,0,0,0,0,0,86,0,205,0,97,0,15,13,0,0,0,0,171,0,0,0,135,0,0,0,0,0,0,26,0,0,0,20,0,0,0,27,0,0,0,0,0,0,0,0,0,0,0,0,298,0,0,0,0,0,0,0,0,0,0,0,0,0,0,0,0,0,0,0,0,0,15,0,0,0,0,0,0,0,0,0,0,0,0,0,0,0,32,0,0,0,0,0,0,0,0,0,0,0,0,0,0,0,0,0,0,0,0,0,0,0,0,0,0,0,0,0,0,0,0,0,0,0,0,0,0
3,8,0,8,21,7,47,21,48,0,249,20,0,0,723,0,0,0,37,0,551,171,434,22,0,0,0,12,0,0,32,0,0,0,18,0,0,281,0,0,0,0,12,0,0,0,154,0,0,0,0,0,0,0,0,0,0,170,0,0,0,0,0,0,0,0,0,0,0,0,0,0,0,0,45,0,0,0,0,0,0,0,0,0,0,0,0,0,0,0,0,0,0,0,0,0,0,0,0,0,0,0,0,0,0,0,0,0,0,0,0,0,0,0,0,0,0,0,0,0,0,0,0,0,18,0,0,0,0,0,0,0,0,0,0,0,0,0,0,0,0,0,0,0,0,0,0,0,0,0,0
3,9,0,5,0,6,45,40,485,0,0,0,0,0,348,0,0,0,200,0,250,248,305,0,0,0,0,0,0,0,158,0,0,0,0,0,0,0,0,0,0,0,63,0,0,0,28,0,0,0,0,0,0,0,0,0,40,689,0,0,0,0,0,0,0,0,0,0,0,0,0,0,0,0,6,0,0,0,0,0,0,0,0,0,0,0,0,0,0,0,0,0,0,0,0,0,0,0,0,0,0,0,0,0,0,0,0,0,0,0,0,0,0,0,0,0,0,0,0,0,0,0,0,0,0,0,0,0,0,0,0,0,0,0,0,0,0,0,0,0,0,0,0,0,0,0,0,0,0,0,0
4,1,344,443,0,55,19,49,0,293,257,226,149,20,359,0,0,0,15,0,27,192,890,0,0,0,0,0,0,0,26,0,0,0,0,78,0,0,0,0,0,0,0,0,0,0,93,0,0,0,0,0,0,31,351,0,0,0,0,0,0,0,0,0,0,0,0,0,0,0,0,0,16,0,0,0,77,0,0,0,0,0,0,0,0,0,0,0,0,0,0,0,0,0,0,0,137,0,0,0,0,0,0,0,0,0,0,0,0,0,0,0,0,0,0,0,0,0,0,0,0,0,0,0,0,4,0,0,0,0,0,0,0,0,0,0,0,0,0,0,0,0,0,0,0,0,0,0,0,0,0
4,2,433,77,0,0,68,268,0,238,1352,52,416,12,94,0,0,0,0,0,0,42,195,0,0,0,23,0,0,0,0,0,26,0,0,0,87,0,0,0,0,0,0,0,0,7,28,0,0,0,0,0,0,18,0,0,229,0,0,0,0,0,0,0,0,48,0,0,0,0,0,0,0,0,0,0,0,0,0,0,0,0,112,0,18,0,0,0,0,0,0,0,0,0,0,0,26,0,0,0,0,0,0,0,0,0,0,0,0,0,0,0,0,0,0,0,0,0,0,0,0,0,0,0,0,0,0,0,0,0,0,0,0,0,0,0,0,0,0,0,0,0,0,0,0,0,0,0,0,0,0
4,3,307,35,0,84,122,141,0,97,1244,87,0,302,19,0,0,0,0,92,49,10,55,0,0,11,17,0,0,0,0,0,227,0,0,0,0,0,0,0,0,0,0,0,0,34,6,0,0,0,0,0,657,239,0,0,314,0,0,0,0,0,0,0,0,76,0,0,0,0,0,0,0,0,0,0,0,0,0,0,0,0,99,0,0,0,0,0,0,0,0,0,0,0,0,0,0,0,0,0,0,0,0,0,0,0,0,0,0,0,0,0,0,0,0,0,0,0,0,0,0,0,0,0,0,0,0,0,0,0,0,0,0,0,0,0,0,0,0,0,0,0,0,0,0,0,0,0,0,0,0
4,4,909,45,0,0,15,76,50,194,612,875,15,447,188,0,0,0,30,13,0,97,0,0,0,0,0,0,0,0,0,46,0,0,0,0,0,0,0,21,0,0,0,0,0,15,29,0,0,0,0,0,0,89,0,0,11,0,0,0,0,0,0,0,0,0,0,0,0,0,0,0,0,0,0,0,0,0,0,0,0,0,0,0,0,0,0,0,0,0,0,0,0,0,0,0,0,0,0,0,0,0,0,0,0,0,0,0,0,0,0,0,0,0,0,0,0,0,0,0,12,0,0,0,0,0,0,0,0,0,0,0,0,0,0,0,0,0,0,0,0,0,0,0,0,0,0,0,0,0,0
4,5,191,0,0,1065,210,392,262,0,1106,27,0,80,277,41,0,0,102,0,3,172,0,18,0,0,21,0,0,0,49,124,0,0,0,0,0,0,0,0,0,0,0,0,0,0,50,0,0,0,226,0,0,54,0,0,268,0,0,0,0,157,0,0,0,50,0,0,0,67,0,0,0,0,0,0,0,0,0,0,0,0,150,0,0,0,0,0,0,0,0,0,0,0,0,0,0,0,0,0,0,0,0,0,0,0,0,0,0,0,0,0,0,0,0,0,0,0,0,0,0,0,0,0,0,0,0,0,0,0,0,0,3,0,0,0,0,0,0,0,0,0,0,0,0,0,0,0,0,2,0
4,6,668,1216,0,19,536,88,154,672,379,921,0,0,15,0,0,0,59,427,280,0,0,0,0,10,0,0,0,0,13,139,0,0,0,47,0,0,0,0,0,0,0,0,0,0,0,0,0,0,0,0,0,62,943,0,10,0,0,0,0,0,0,0,0,0,0,0,0,0,0,0,0,0,0,0,0,0,0,0,0,0,0,0,0,0,0,0,0,0,0,0,0,0,0,0,0,0,0,0,0,0,0,0,0,0,0,0,0,0,0,0,0,0,0,0,0,0,0,0,0,0,0,0,0,0,0,0,0,0,0,0,0,0,0,0,0,0,0,0,0,0,0,0,0,0,0,0,0,0,0
4,7,550,1709,0,0,154,284,0,316,119,0,0,0,531,0,0,0,0,33,5,268,0,0,0,0,0,0,0,0,0,29,0,0,0,47,0,0,0,0,0,0,0,0,0,0,116,0,0,0,0,0,0,11,601,0,213,0,0,0,0,0,20,0,0,0,0,0,0,0,0,0,0,0,0,0,0,15,0,0,21,0,67,0,0,0,0,0,0,0,0,0,0,0,0,0,0,0,0,0,0,0,4,0,0,0,0,0,0,0,0,0,0,0,0,0,0,0,0,0,0,0,0,0,0,23,0,0,0,0,0,0,0,0,0,0,0,0,0,0,0,0,0,0,0,0,0,0,0,0,0
5,2,99,187,0,0,642,162,100,0,491,107,123,256,0,810,0,0,27,0,0,0,0,956,0,0,19,0,0,0,19,0,57,0,8,0,0,0,0,2,5,0,0,0,0,17,0,0,31,0,0,0,790,0,0,0,0,0,0,0,74,74,0,0,0,0,0,0,0,0,0,0,0,0,0,0,0,0,0,0,0,0,0,0,0,0,0,0,0,0,0,0,0,0,0,0,0,0,0,0,0,0,0,0,16,0,0,0,0,0,0,0,0,0,0,0,0,0,0,0,0,0,0,0,0,0,0,0,0,0,0,0,0,0,0,0,0,0,0,0,0,0,0,0,0,0,0,0,0,0,0
5,3,0,488,0,0,33,91,124,0,464,205,0,97,0,800,0,44,45,0,50,0,96,432,0,0,0,0,0,0,24,0,73,0,0,0,0,186,0,0,77,0,0,0,0,2,0,0,17,0,0,0,0,37,0,0,0,0,0,0,260,39,0,0,0,0,0,0,0,0,0,0,0,0,0,0,0,0,0,0,0,0,0,0,0,0,0,0,0,0,0,0,0,0,0,0,0,0,0,0,0,0,0,0,15,0,0,0,0,0,0,0,40,0,0,0,0,0,0,0,0,0,0,0,0,0,0,0,0,0,0,0,0,0,0,0,0,0,0,0,0,0,0,0,0,0,0,0,0,0,0
5,4,29,40,0,0,341,228,115,0,60,628,0,129,0,346,0,0,82,33,29,0,55,185,0,40,18,0,0,0,90,0,20,0,0,0,0,179,0,16,113,0,0,0,0,0,0,0,0,0,0,0,551,0,0,0,175,12,0,0,28,9,0,0,0,30,0,0,0,0,0,0,0,0,0,0,0,0,0,0,0,0,64,0,0,0,0,0,0,0,0,0,0,0,0,0,0,0,0,0,0,0,0,0,0,79,0,0,0,0,0,0,0,0,0,0,0,0,0,0,0,0,0,0,0,0,0,0,0,0,0,0,0,0,0,0,0,0,0,0,0,0,0,0,0,0,3,0,0,0,0
5,5,110,923,17,0,670,283,65,18,331,191,0,49,0,722,0,44,24,67,828,0,76,779,0,0,0,0,0,0,22,0,42,0,0,0,0,69,0,27,87,0,0,0,0,13,0,0,35,0,0,0,0,0,0,0,0,26,0,0,43,70,0,0,0,0,0,0,0,0,0,0,0,0,0,0,0,0,0,0,0,0,0,0,0,0,0,0,0,0,0,0,0,0,0,0,0,0,0,0,0,0,0,0,0,38,0,0,0,0,0,0,0,0,0,0,0,0,0,0,0,0,0,0,0,0,0,0,0,0,0,0,0,0,0,0,0,0,0,0,0,0,0,0,0,0,0,0,0,0,0
5,6,19,498,10,0,684,95,0,0,419,946,0,195,88,1361,0,9,21,129,347,23,6,755,0,0,68,0,0,0,0,0,56,0,9,0,21,345,0,34,317,0,0,0,0,0,8,0,26,0,0,0,0,0,0,0,13,0,0,0,15,65,0,0,0,0,0,0,0,0,0,0,0,0,0,0,0,0,0,0,0,0,0,0,0,0,0,0,0,0,0,0,0,0,0,0,0,0,0,0,0,0,0,0,59,0,0,0,0,0,0,0,0,14,0,0,0,0,0,0,0,0,0,0,0,0,0,0,0,0,0,0,0,0,0,0,0,0,0,0,0,0,0,0,0,0,0,0,0,0,0
5,7,64,386,0,0,1594,569,108,0,129,488,0,132,177,788,0,0,45,393,204,133,713,0,0,0,0,0,0,0,14,0,103,0,10,0,17,352,0,0,329,0,0,0,0,0,67,0,0,0,0,0,0,0,0,0,0,0,0,0,87,8,0,0,0,0,0,0,0,0,0,0,0,0,76,0,0,0,0,0,0,0,0,0,0,0,0,0,0,0,0,0,0,0,0,0,0,0,0,0,0,8,0,0,0,0,0,0,0,0,0,0,0,0,0,0,0,0,0,0,0,0,0,0,0,0,0,0,0,0,0,0,0,0,0,0,0,0,0,0,0,0,0,0,0,0,0,0,0,0,0
5,8,434,379,0,58,231,247,267,0,362,684,0,429,38,781,0,37,219,15,42,14,5,94,0,257,45,54,0,0,136,0,91,0,0,0,0,88,0,141,69,0,0,287,0,0,15,65,0,0,0,0,0,36,0,0,0,6,0,0,84,65,0,0,0,0,0,0,0,0,0,0,0,0,0,0,0,0,0,0,0,14,0,0,0,0,0,0,0,0,0,0,0,0,0,0,0,0,0,0,0,0,0,0,33,0,0,0,0,0,0,0,0,0,0,0,17,0,0,0,0,0,0,0,0,0,0,0,0,0,0,0,0,0,0,0,0,0,0,0,0,0,0,0,0,0,0,0,0,0,0
6,2,0,0,657,0,80,63,0,0,418,0,0,0,53,0,13,36,0,0,0,0,0,0,452,15,0,0,770,0,0,0,0,0,58,0,77,0,0,0,0,0,0,0,0,0,0,0,0,0,0,0,0,0,0,0,0,0,30,0,0,0,0,0,0,0,17,1108,0,0,0,0,0,0,0,0,0,0,0,0,0,0,0,0,0,0,0,0,0,0,0,0,0,0,0,0,0,0,0,0,0,0,0,0,0,0,0,0,0,0,0,0,0,0,0,0,0,0,0,0,0,0,0,0,0,0,0,0,0,0,0,0,0,0,0,0,0,0,0,0,0,0,0,0,0,0,0,0,0,0,0
6,4,0,0,1812,243,18,19,708,5,0,0,0,0,0,0,0,0,283,0,0,0,0,107,0,0,0,19,242,0,59,0,0,0,199,0,0,0,0,146,0,0,0,0,0,0,0,0,0,0,0,0,0,0,0,0,0,0,0,0,0,0,0,0,0,0,0,0,0,0,0,0,0,0,0,0,0,0,0,0,0,0,0,0,0,0,0,0,0,0,0,0,0,0,9,0,0,0,0,0,0,0,0,0,15,0,0,0,0,0,0,0,0,0,0,0,0,0,0,0,0,0,0,0,0,0,0,0,0,0,0,0,0,0,0,0,0,0,0,0,0,0,0,0,0,0,0,0,0,0,0
6,5,0,0,392,1835,30,0,798,0,8,0,0,0,70,0,0,0,159,0,0,0,57,0,0,0,0,0,349,0,79,0,31,0,278,0,0,39,0,762,0,0,0,0,0,0,0,0,14,0,0,0,0,0,0,0,0,73,0,0,0,0,0,0,0,0,0,86,0,0,0,0,0,0,0,0,0,0,0,0,0,0,0,0,0,17,0,0,0,0,0,0,0,0,0,0,0,0,0,0,0,0,0,0,0,0,0,0,0,0,0,0,0,0,0,0,0,0,0,0,0,0,0,0,0,0,0,0,0,0,0,0,0,0,0,0,0,0,0,0,0,0,0,0,0,0,0,0,0,0,0
6,6,399,0,1857,56,19,286,498,0,73,0,0,297,49,0,0,86,216,0,0,8,0,1207,67,0,19,0,409,0,27,0,0,0,295,0,0,0,0,29,0,0,0,0,0,18,11,0,0,0,0,91,0,0,0,0,0,33,134,0,67,21,0,0,0,0,0,69,0,0,0,0,0,0,0,0,0,0,0,0,0,0,0,0,0,0,0,0,0,0,0,0,0,0,0,0,0,0,0,0,0,0,0,0,0,0,0,41,0,0,0,0,0,0,0,0,0,0,0,0,0,0,0,0,0,0,0,0,0,0,0,0,0,0,0,0,0,0,0,0,0,0,0,0,0,0,0,0,0,0,0
6,7,0,0,1014,2316,84,260,516,0,0,30,6,0,66,0,0,0,195,0,0,15,0,241,0,0,0,0,983,0,91,0,0,0,166,0,0,0,0,246,0,0,9,0,0,0,14,0,0,0,0,0,0,0,0,0,0,0,0,0,23,0,0,0,0,0,0,0,0,0,0,0,0,0,0,0,0,0,0,0,0,0,0,0,0,0,0,0,0,0,0,0,0,0,0,0,0,0,0,0,0,0,0,0,0,0,0,0,0,0,0,0,0,0,0,0,0,0,0,0,0,0,0,0,0,0,0,0,0,0,0,0,0,0,0,0,0,0,0,0,0,0,6,0,0,0,0,0,0,0,0
6,8,326,125,539,229,1236,337,262,0,226,119,0,33,361,9,0,6,139,64,72,256,0,90,0,46,30,63,141,0,133,15,26,0,29,0,0,0,0,336,24,0,0,0,19,0,78,0,49,0,0,43,0,13,0,0,0,0,0,0,29,22,0,0,0,0,0,43,0,0,0,0,0,0,0,0,0,0,0,0,0,0,0,0,0,0,0,0,0,0,0,0,0,21,0,0,0,0,0,0,0,0,0,0,0,0,0,0,0,0,0,0,0,0,0,20,0,0,0,0,0,0,0,0,0,0,0,0,0,0,0,0,0,0,0,0,0,0,0,0,0,0,0,0,0,0,0,0,0,0,0
6,9,0,0,377,0,143,930,58,0,0,0,0,0,0,0,0,15,11,0,40,27,0,34,0,0,0,0,1000,0,0,0,0,0,91,0,0,0,0,118,0,0,0,0,747,0,0,0,0,0,0,0,0,0,0,0,0,0,0,0,0,0,0,0,0,0,0,34,112,0,0,0,0,0,0,0,0,0,0,0,0,0,0,0,0,0,0,0,0,0,0,0,0,0,0,0,0,0,0,0,0,0,0,0,0,0,0,0,0,0,0,0,0,0,0,0,0,0,0,0,0,0,0,0,0,0,0,0,0,0,0,0,0,0,0,0,0,0,0,0,0,0,0,0,0,0,0,0,0,0,0
7,2,0,0,0,574,71,105,15,0,35,0,0,0,278,0,0,7,7,0,0,135,72,46,0,0,0,0,0,0,0,0,0,0,4,0,0,53,0,288,0,0,28,0,1145,0,31,0,0,0,0,0,0,0,0,0,119,0,0,0,0,0,0,0,0,0,0,0,422,0,0,0,0,0,0,0,0,0,0,0,0,0,0,0,0,0,0,0,0,0,0,0,0,0,0,0,0,0,0,0,0,0,0,0,0,0,0,0,0,0,0,0,0,0,0,0,0,0,0,0,0,0,0,0,0,0,0,0,0,0,0,0,0,0,0,0,0,0,0,0,0,0,0,0,0,0,0,0,0,0,0
7,3,16,0,55,183,125,77,0,12,0,0,0,0,1027,0,0,0,0,0,0,649,23,0,0,0,0,0,0,0,0,0,0,0,0,0,0,0,0,549,0,0,137,0,0,0,23,0,0,0,0,0,0,0,0,0,0,0,0,0,0,0,0,0,0,0,0,0,0,0,0,0,0,0,0,0,0,0,0,21,0,0,0,0,0,0,0,0,0,0,0,0,0,0,0,0,0,0,0,0,0,0,0,0,0,0,0,0,0,0,0,0,0,0,0,0,0,0,0,0,0,0,0,0,0,0,0,0,0,0,0,0,0,0,0,0,0,0,0,0,0,0,0,0,0,0,0,0,0,0,0
7,4,0,0,263,177,1143,39,0,100,0,0,0,0,14,0,0,0,7,0,0,24,66,0,0,0,0,0,23,0,0,0,0,0,0,22,0,0,0,21,0,0,42,0,227,173,0,0,0,0,0,0,0,0,0,0,0,0,0,0,0,0,0,0,0,0,0,0,14,0,0,0,0,0,0,0,0,0,0,0,0,0,0,0,0,0,0,0,0,0,0,0,0,0,0,0,0,0,0,0,0,0,0,0,0,0,0,0,0,0,0,0,0,0,0,0,0,0,0,0,0,0,0,0,0,0,0,0,0,0,0,0,0,0,0,0,0,0,0,0,0,0,0,0,0,0,0,0,0,0,0
7,5,0,0,556,0,0,0,0,0,0,0,0,0,1625,0,0,0,62,0,0,952,0,0,0,0,0,0,0,0,0,0,0,0,0,0,0,0,0,0,0,0,721,0,144,0,0,0,0,0,0,0,0,0,0,0,0,0,0,0,0,0,0,0,0,0,0,0,147,0,0,0,0,0,0,0,0,0,0,0,0,0,0,0,0,0,0,0,0,0,0,0,0,0,0,0,0,0,0,0,0,0,0,0,0,0,0,0,0,0,0,0,0,0,0,0,0,0,0,0,0,0,0,0,0,0,0,0,0,0,0,0,0,0,0,0,0,0,0,0,0,0,0,0,0,0,0,0,0,0,0
7,6,0,0,0,360,813,48,0,0,0,0,0,0,1093,0,0,0,0,0,0,786,833,0,0,0,0,0,0,0,0,0,0,0,0,0,0,0,0,0,0,0,480,0,2108,42,0,0,0,0,0,0,0,0,0,0,0,0,0,0,0,0,0,0,0,0,0,0,0,0,0,0,0,0,0,0,0,0,0,0,0,0,0,0,0,0,0,0,0,0,0,0,0,0,0,0,0,0,0,0,0,0,0,0,0,0,0,0,0,0,0,0,0,0,0,0,0,0,0,0,0,0,0,0,0,0,0,0,0,0,0,0,0,0,0,0,0,0,0,0,0,0,0,0,0,0,0,0,0,0,0
7,7,0,0,673,0,3331,14,52,0,32,0,0,0,41,0,0,0,28,0,0,58,27,78,0,0,0,0,0,0,19,0,0,0,387,0,12,0,0,229,0,0,17,0,0,0,0,0,0,0,0,0,0,0,0,0,0,0,0,0,0,0,0,0,0,0,0,0,0,0,0,0,0,0,0,0,0,0,0,0,0,0,0,0,0,0,0,0,0,0,0,0,0,0,0,0,0,0,0,0,0,0,0,0,0,0,0,129,0,0,0,0,0,0,0,0,0,0,0,0,0,0,0,0,0,0,0,0,0,0,0,0,0,0,0,0,0,0,0,0,0,0,0,0,0,0,0,0,0,0,0
7,8,0,0,130,0,501,979,0,0,99,0,0,0,252,0,0,0,0,0,0,44,0,0,0,0,0,0,32,0,0,0,0,0,10,0,34,0,0,16,0,0,0,0,7,0,52,0,0,0,0,0,0,0,0,0,0,0,0,0,0,0,0,0,0,0,0,0,0,0,0,0,0,0,0,0,0,0,0,0,0,0,0,0,0,0,0,0,0,0,0,0,0,0,0,0,0,0,0,0,0,0,0,0,0,0,0,0,0,0,0,0,0,0,0,0,0,0,0,0,0,0,0,0,0,0,0,0,0,0,0,0,0,0,0,0,0,0,0,0,0,0,0,0,0,0,0,0,0,0,0
8,2,0,455,4,47,17,24,478,235,106,75,122,169,124,0,3,0,178,64,162,67,99,471,0,32,77,46,0,0,108,257,0,0,0,0,0,0,0,12,0,87,0,0,0,0,22,0,60,0,0,0,0,6,0,0,61,0,0,0,0,0,0,0,0,26,0,0,0,0,0,144,0,0,0,0,0,0,0,0,0,0,13,0,0,0,0,0,0,0,0,0,0,0,0,0,0,0,0,0,0,13,0,0,0,0,0,0,0,0,0,0,0,0,0,0,0,0,0,0,0,0,0,0,0,0,0,0,0,0,0,0,0,0,0,0,0,0,0,0,0,0,0,0,0,0,0,0,0,0,0
8,3,139,616,29,0,31,203,113,242,185,0,0,85,0,11,33,0,38,35,39,0,0,277,34,0,0,22,0,0,24,117,0,0,0,70,43,0,0,0,0,88,0,0,0,0,0,0,10,0,0,8,0,0,0,16,617,0,6,0,0,0,0,0,0,155,0,0,0,0,0,0,0,0,0,0,0,0,0,0,0,0,195,0,0,0,0,0,0,0,0,0,0,0,0,0,0,0,0,0,0,0,0,0,0,0,0,0,0,0,0,0,0,0,0,0,0,0,0,0,0,0,0,0,0,0,0,0,0,0,0,0,0,0,0,0,0,0,0,0,0,0,0,0,0,0,0,0,0,0,0
8,4,170,554,66,0,11,30,53,0,133,89,93,113,35,184,85,542,28,12,0,18,0,500,0,0,105,0,0,0,11,141,0,0,0,0,23,0,0,25,0,146,0,0,0,0,5,32,0,0,0,37,0,0,0,9,0,0,372,0,93,0,0,0,0,0,0,0,0,0,0,0,0,0,0,0,0,0,0,5,0,0,0,2,0,0,0,0,0,0,0,0,0,0,0,0,0,0,0,0,0,0,0,0,0,0,0,0,0,0,0,0,0,0,0,0,0,0,0,0,0,0,0,0,0,0,0,0,0,0,0,0,0,0,0,0,0,0,0,0,0,0,0,0,0,0,0,0,0,0,2
8,5,1045,16,0,0,127,658,914,0,231,0,0,194,119,0,0,0,318,219,0,27,18,0,0,0,11,0,0,0,168,180,0,1310,10,0,70,0,0,271,0,0,0,0,0,31,26,0,0,0,0,0,0,0,0,0,0,0,0,0,47,0,0,0,0,0,0,0,0,0,0,0,0,0,0,0,0,0,0,0,0,0,0,0,0,0,0,0,0,0,0,0,0,0,0,0,0,0,0,0,0,0,0,0,0,0,0,0,0,0,0,0,0,0,0,0,0,0,0,0,0,0,0,0,0,0,0,0,0,0,0,0,0,0,0,0,0,0,0,0,0,0,0,0,0,0,0,0,0,0,0
8,6,491,128,271,0,425,574,0,684,102,65,1535,315,0,0,146,72,0,0,0,5,0,0,0,0,14,0,0,0,0,0,0,0,0,12,47,0,0,0,0,0,0,0,0,0,10,0,0,0,353,6,0,0,0,198,0,0,56,0,0,0,0,0,0,0,0,0,0,77,0,122,0,0,0,0,0,0,0,26,0,0,0,0,0,0,0,0,0,0,0,0,0,0,0,0,0,0,0,0,0,0,0,0,0,0,0,0,0,0,0,0,0,0,0,0,0,0,0,0,0,0,0,0,0,0,0,0,0,0,0,0,0,0,0,0,0,0,0,0,0,0,0,0,0,0,0,0,0,0,0
8,7,234,509,84,467,872,173,500,0,310,1753,3,162,24,142,0,277,261,0,0,0,901,799,0,88,33,0,0,0,291,31,0,0,47,0,56,464,0,12,0,0,0,181,0,20,0,8,0,0,0,149,0,0,0,0,0,0,270,0,33,0,0,0,0,0,0,0,0,0,0,34,0,0,0,0,0,0,0,0,0,0,0,0,0,0,0,0,0,0,0,0,0,0,0,0,0,0,0,0,0,64,0,0,0,0,0,0,0,0,0,0,0,0,0,0,0,0,0,0,0,0,0,0,0,0,0,0,0,0,0,0,0,0,0,0,0,0,0,0,0,0,0,0,0,0,0,0,0,0,0
8,9,142,339,0,110,205,44,283,0,59,361,1280,0,32,66,0,0,119,43,0,15,0,109,0,0,183,0,0,0,129,0,0,0,0,0,0,26,0,0,0,221,0,0,0,28,0,0,67,0,0,11,0,0,0,0,0,0,0,0,0,0,0,0,0,0,0,0,0,0,0,0,0,0,0,0,0,0,0,0,0,0,0,0,0,0,0,0,0,0,132,0,0,0,0,0,0,0,0,0,0,0,0,0,0,0,0,0,0,0,0,0,0,0,0,0,0,0,0,0,0,0,0,0,0,0,0,0,0,0,0,0,0,0,0,0,0,0,0,0,0,0,0,0,0,0,0,0,0,0,0
9,1,64,440,76,7,64,156,0,719,0,323,1737,34,14,23,345,0,0,0,0,0,0,0,0,0,65,0,0,0,0,0,0,0,0,91,0,18,13,43,0,68,0,0,0,0,0,13,0,0,0,7,0,0,0,0,176,0,0,0,0,0,0,0,0,262,0,0,0,0,0,12,0,0,0,0,153,0,0,0,0,0,0,0,0,0,0,0,0,0,0,0,0,0,0,0,0,0,0,0,0,46,0,0,0,0,0,0,0,0,0,0,0,0,0,0,0,0,0,0,0,0,0,0,0,0,0,0,0,0,0,0,0,0,0,0,0,0,0,0,0,0,0,0,0,0,0,0,0,0,0
9,2,106,338,0,0,0,97,362,88,262,362,64,54,55,58,0,0,111,0,0,17,0,76,0,0,0,0,0,0,139,0,0,0,0,11,0,207,0,30,59,42,0,0,0,0,0,0,193,0,0,10,0,0,0,0,51,0,0,0,0,57,14,0,0,68,0,0,0,0,0,243,0,11,0,0,132,12,0,0,0,0,0,0,0,0,0,0,0,0,0,0,0,0,0,0,0,0,0,0,0,14,0,0,0,0,0,0,0,0,0,0,0,0,48,0,0,0,0,0,0,0,0,0,0,0,0,0,0,0,0,0,0,0,0,0,0,0,0,0,0,0,0,0,0,0,0,0,0,0,0
9,3,225,415,0,23,15,0,313,629,18,49,0,38,84,69,0,0,144,0,0,34,0,21,0,0,0,0,0,0,94,55,0,0,0,0,0,0,0,0,0,19,0,0,0,0,9,0,0,0,72,0,0,0,0,8,450,0,0,0,0,0,0,0,0,337,0,0,0,0,0,0,0,0,0,0,0,0,0,0,0,0,0,0,0,0,0,0,0,0,0,0,0,0,0,0,0,0,0,0,0,0,0,0,0,0,0,0,0,0,0,0,0,0,0,0,0,0,0,0,0,0,0,0,0,0,0,0,0,0,0,0,0,0,0,0,0,0,0,0,0,0,0,0,0,0,0,0,0,0,0
9,5,0,368,73,102,326,57,261,1818,0,199,2084,0,0,104,0,0,171,0,0,0,0,0,0,0,0,0,0,0,77,0,0,0,0,271,0,0,571,0,0,0,0,0,0,11,0,0,24,0,337,0,0,0,0,0,0,0,61,121,0,0,0,0,0,0,0,0,0,63,0,0,0,32,0,0,186,0,0,0,0,0,0,0,0,0,0,0,0,0,129,0,0,0,0,0,0,0,0,0,0,0,27,0,0,0,0,0,0,0,0,0,0,0,0,0,0,0,0,0,0,0,0,0,0,0,0,0,0,0,0,0,0,0,0,0,0,0,0,0,0,0,0,0,0,0,0,0,0,0,0
9,6,0,893,62,652,61,31,397,0,1509,400,372,12,196,0,0,0,226,0,0,94,0,0,0,26,0,0,0,0,0,0,0,0,0,0,0,0,0,0,0,86,0,0,0,7,60,0,201,0,0,0,0,0,0,0,0,0,0,0,0,216,0,0,0,0,0,0,0,8,0,41,0,16,0,0,0,0,0,0,0,0,0,0,0,0,0,0,0,0,0,0,0,0,0,0,0,0,0,0,0,0,0,0,0,0,0,0,0,0,0,0,0,0,0,0,0,0,0,0,0,0,0,0,0,0,0,0,0,0,0,0,0,0,0,0,0,0,0,0,0,0,0,0,0,0,0,0,0,0,0
9,7,96,114,0,545,0,37,23,675,0,17,0,0,77,0,0,0,0,0,0,25,0,32,0,24,0,0,0,0,0,134,0,0,0,82,0,0,0,0,0,15,0,0,0,24,12,0,10,0,45,58,0,0,0,0,48,0,13,0,0,0,0,0,0,85,0,0,0,0,0,0,0,0,0,0,155,0,0,0,0,0,0,0,0,0,0,0,0,0,0,0,0,0,0,0,0,0,0,0,0,0,0,0,0,0,0,0,0,0,0,0,0,0,0,0,0,0,0,0,0,0,0,0,0,0,0,0,0,0,0,0,0,0,0,0,0,0,0,0,0,0,0,0,0,0,0,0,0,0,0
9,10,234,131,0,1706,21,111,260,489,22,47,115,101,75,63,0,0,79,0,0,46,0,0,0,33,0,0,0,0,68,0,0,0,0,31,0,0,0,0,0,0,0,0,0,0,0,0,4,0,33,0,0,0,0,0,0,0,0,0,0,0,0,0,0,0,0,0,0,0,0,0,0,0,0,0,0,0,0,0,67,0,0,0,0,0,0,0,0,0,101,0,0,0,0,0,0,0,0,0,0,0,0,0,0,0,0,0,0,0,0,0,0,0,0,0,0,0,0,0,0,0,0,11,0,0,0,0,0,0,0,0,0,0,0,0,0,0,0,0,0,0,0,0,0,0,0,0,0,0,0
10,1,399,256,38,0,10,190,59,599,0,321,0,470,86,16,0,0,63,0,0,26,0,0,0,91,0,0,0,0,49,0,0,0,0,93,0,0,77,0,0,136,0,0,0,4,27,0,0,0,0,78,0,0,0,5,288,0,0,18,0,0,0,0,0,0,0,0,0,0,0,0,0,0,0,0,0,0,0,0,0,0,36,0,0,0,0,0,0,0,0,0,0,0,0,0,0,0,17,0,0,0,0,0,0,0,0,0,0,0,0,0,0,0,0,0,0,0,0,0,0,0,0,0,0,0,0,0,0,0,0,0,0,0,0,0,0,0,0,0,0,0,0,0,0,0,0,0,0,0,0
10,3,235,195,0,101,14,125,118,948,0,48,887,28,0,0,8,0,34,0,0,0,0,0,0,0,53,0,0,0,42,0,0,0,0,125,0,0,25,0,0,92,0,0,0,0,0,0,0,0,0,10,0,0,0,0,12,0,0,0,0,0,57,0,0,18,0,0,0,0,0,119,0,0,0,27,157,13,0,0,63,0,0,0,0,0,0,0,0,0,54,0,0,0,0,0,0,0,0,0,0,0,0,0,0,0,0,0,0,0,0,0,0,0,0,0,0,0,0,0,0,0,0,0,0,0,0,0,0,0,0,0,0,0,0,0,0,0,0,0,0,0,0,0,0,0,0,0,0,0,0
10,4,0,231,0,190,17,23,278,1425,193,48,0,214,0,0,0,0,113,8,0,0,0,0,0,0,0,0,0,0,76,0,0,0,0,178,0,0,47,0,0,0,0,0,0,0,0,0,31,0,0,306,0,0,0,0,0,0,0,0,0,35,0,0,0,0,0,0,0,0,0,0,0,0,0,0,0,0,0,0,0,0,0,0,0,0,0,0,0,0,0,0,0,0,0,0,0,0,0,0,0,0,0,0,0,0,0,0,0,0,0,0,0,0,0,0,0,0,0,0,0,0,0,0,0,0,0,0,0,0,0,0,0,0,0,0,0,0,0,0,0,0,0,0,0,0,0,0,0,0,0
10,5,745,21,94,1238,39,182,130,0,35,190,153,64,0,0,0,0,84,0,0,0,0,0,371,381,307,0,0,0,44,0,0,0,0,0,10,0,233,0,0,168,0,0,0,0,0,0,0,0,219,79,0,0,0,4,0,0,0,40,0,0,87,0,272,0,0,0,0,30,0,32,0,48,0,59,0,21,0,0,0,0,0,0,0,0,0,0,0,0,0,0,0,0,0,0,0,0,40,0,0,12,0,0,0,0,0,0,0,0,0,0,0,0,0,0,0,0,0,0,0,0,0,0,0,0,0,0,0,0,0,0,0,0,0,0,0,0,0,0,0,0,0,0,0,0,0,0,0,0,0
10,7,92,165,33,67,16,55,1037,625,0,57,0,108,64,0,27,0,258,16,0,84,0,0,0,0,0,0,0,0,189,0,0,0,0,14,0,0,321,0,0,18,0,0,0,0,11,0,0,0,130,0,0,0,0,88,0,0,0,73,0,0,0,0,0,0,0,0,0,9,0,21,0,44,0,0,13,0,0,18,0,0,0,0,0,0,0,0,0,0,0,0,0,0,0,0,0,0,0,0,0,0,0,0,0,0,0,0,0,0,0,0,0,0,0,0,0,0,0,0,0,0,0,0,0,0,0,0,0,0,0,0,0,0,0,0,0,0,0,0,0,0,0,0,0,0,0,0,0,0,0
10,9,358,324,0,0,0,74,5,747,0,66,511,16,8,0,76,0,0,0,13,12,0,0,0,49,0,0,0,0,0,0,0,0,0,96,0,0,267,0,0,19,0,0,0,0,0,0,0,0,0,25,0,0,0,0,0,0,0,36,0,0,0,0,0,0,0,0,0,0,0,48,10,10,0,0,66,0,0,0,0,0,0,0,0,0,0,0,0,0,0,0,0,0,0,0,0,0,7,0,0,0,0,0,0,0,0,0,0,0,0,0,0,0,0,0,0,0,0,0,0,0,0,0,0,0,0,0,0,0,0,0,0,0,0,0,0,0,0,0,0,0,0,0,0,0,0,0,0,0,0
10,10,21,42,0,835,96,59,0,139,0,7,281,103,0,0,0,0,0,0,0,0,0,47,0,0,0,0,0,0,11,0,0,0,0,0,0,0,0,0,0,0,0,0,0,0,0,0,0,0,788,0,0,0,0,10,0,0,0,0,0,0,0,0,0,0,0,0,0,113,0,0,0,0,0,0,0,0,0,0,0,0,0,0,0,0,0,0,0,0,0,0,0,0,0,0,0,0,0,0,0,0,0,0,0,0,0,0,0,0,0,0,0,0,0,0,0,0,0,0,0,0,0,0,0,0,0,0,0,0,0,0,0,0,0,0,0,0,0,0,0,0,0,0,0,0,0,0,0,0,0
11,1,278,96,0,169,395,131,849,0,279,0,0,204,0,49,12,7,348,0,0,0,0,0,0,0,55,0,0,0,191,0,0,0,0,0,54,0,0,0,0,0,0,0,0,32,0,0,50,0,0,0,0,0,0,0,0,0,0,0,0,0,0,0,0,0,0,0,0,0,0,0,0,0,0,0,0,0,0,0,0,0,0,3,0,0,0,0,0,0,0,4,0,0,0,0,0,0,0,0,0,0,0,0,0,0,0,0,0,0,0,0,0,0,0,0,0,0,0,0,0,0,0,0,0,0,0,0,0,0,0,0,0,0,0,0,0,0,0,0,0,0,0,0,0,0,0,0,0,0,0
11,3,28,805,11,0,37,103,304,61,14,201,54,527,37,64,0,0,127,37,0,29,12,0,0,0,18,0,0,0,108,0,0,0,0,0,0,0,0,0,0,94,0,0,0,0,6,0,0,0,113,105,0,0,0,11,52,0,0,0,0,0,0,0,0,0,0,0,0,17,0,0,0,148,0,0,3,0,0,0,0,0,6,0,0,0,0,0,0,0,0,0,0,0,0,0,0,0,0,0,0,0,0,0,0,0,0,0,0,0,0,0,0,0,0,0,0,0,0,0,0,0,0,0,0,0,0,0,0,0,0,0,0,0,0,0,0,0,0,0,0,0,0,0,0,0,0,0,0,0,0
11,4,41,278,16,1112,18,169,80,573,100,88,0,0,99,0,35,0,18,5,0,46,0,9,11,0,41,0,0,0,19,0,0,0,0,87,23,19,0,61,40,25,0,0,0,0,40,0,0,0,0,7,82,0,0,0,0,0,0,0,0,0,0,0,0,0,0,0,0,0,0,9,0,68,0,0,0,0,0,0,155,0,0,0,0,0,0,0,0,0,179,0,0,0,0,0,0,0,0,0,0,0,0,0,0,0,0,0,0,0,0,0,0,0,0,0,0,0,0,0,0,0,0,18,0,0,0,0,0,0,0,0,0,0,0,0,0,0,0,0,0,0,0,0,0,0,0,0,0,0,0
11,5,356,373,0,24,20,128,0,896,195,100,0,0,63,0,0,0,0,0,106,35,0,147,0,0,16,0,0,0,0,58,0,0,0,45,21,17,348,123,0,71,0,0,0,0,11,0,0,0,0,0,0,0,0,0,7,0,0,50,0,0,0,0,0,17,0,0,0,0,0,30,0,37,0,0,0,0,0,0,0,0,0,0,0,0,0,0,0,0,0,0,0,0,0,0,0,0,0,0,0,0,0,0,13,0,0,0,0,0,0,0,0,0,17,0,0,0,0,0,0,0,0,0,0,0,0,0,0,0,0,0,0,0,0,0,0,0,0,0,0,0,0,0,0,0,0,0,0,0,0
11,6,11,91,368,0,0,129,17,394,660,73,1304,29,41,13,55,27,6,0,0,9,0,0,0,0,16,158,0,0,0,0,0,0,0,0,105,27,0,0,31,30,0,0,0,0,6,0,0,0,0,271,0,0,0,64,17,0,0,0,0,0,0,0,0,0,0,0,0,0,0,0,0,0,0,0,0,0,0,15,0,0,0,0,0,0,0,0,0,0,0,0,0,0,0,0,0,0,0,0,0,0,0,0,0,0,0,0,0,0,0,0,0,0,0,0,0,0,0,0,0,0,0,0,0,0,0,0,0,0,0,0,0,0,0,0,0,0,0,0,0,0,0,0,0,0,0,0,0,0,0
11,7,51,682,114,731,76,235,666,281,256,13,1309,32,213,0,0,5,235,0,0,121,0,289,0,63,10,0,0,0,154,0,0,0,0,34,20,0,0,26,0,221,0,0,0,0,39,0,0,0,10,32,0,0,0,0,0,0,0,0,0,0,0,0,0,0,0,0,0,0,0,0,0,108,0,0,0,0,0,6,0,0,0,0,0,0,0,0,0,0,0,0,0,0,0,0,0,0,0,0,0,0,0,0,0,0,0,0,0,0,0,0,0,0,0,0,0,0,0,0,0,0,0,0,0,0,0,0,0,0,0,0,0,0,0,0,0,0,0,0,0,0,0,0,0,0,0,0,0,0,0
11,8,442,290,58,857,17,21,361,243,84,295,0,6,0,149,0,0,274,37,0,0,0,0,0,0,0,0,0,0,14,143,0,0,0,13,9,18,0,0,10,154,0,0,0,0,0,0,75,0,42,0,0,0,102,0,0,0,0,14,0,0,0,0,0,0,0,0,0,10,0,0,0,23,0,0,0,0,0,0,0,0,0,0,0,0,0,0,0,0,0,41,0,0,24,0,0,0,0,15,0,0,0,0,8,0,0,0,0,0,0,0,0,0,0,0,0,0,0,0,0,0,0,0,0,0,0,0,0,0,0,0,0,0,0,0,0,0,0,0,0,0,0,0,0,0,0,0,0,0,0
12,1,125,453,625,0,14,229,383,78,221,213,0,43,0,0,133,0,121,0,0,0,0,0,0,37,0,0,0,0,71,12,0,0,0,8,43,0,0,0,0,11,0,0,0,0,0,0,0,0,0,0,0,0,0,29,0,0,70,0,0,0,0,0,0,0,0,0,0,0,0,0,8,0,0,0,0,0,0,17,0,0,0,7,0,0,0,0,0,0,0,0,0,0,0,0,0,0,0,12,0,0,0,0,0,0,0,0,0,0,0,0,0,0,0,13,0,0,0,0,0,0,0,0,0,0,0,0,0,0,0,0,0,0,0,0,0,0,0,0,0,0,0,0,0,0,0,0,0,0,0
12,3,26,159,112,0,240,164,723,0,8,18,0,0,0,0,0,29,203,0,0,8,0,0,212,116,0,0,0,0,151,179,0,0,0,0,0,0,0,0,0,102,0,0,0,0,6,0,0,0,0,0,40,0,0,0,15,0,0,0,0,0,0,0,0,0,0,0,0,0,0,0,232,0,0,0,0,0,0,0,0,0,0,0,0,0,0,0,0,0,0,0,0,0,0,0,0,0,0,0,0,0,0,0,0,0,0,0,29,0,0,0,0,0,0,31,0,0,0,0,0,0,0,0,0,0,0,0,0,0,0,0,0,0,0,0,0,0,0,0,0,0,0,0,0,0,0,0,0,0,0
12,5,116,351,125,25,611,423,544,28,71,0,0,19,0,0,116,17,236,0,0,0,0,0,5,0,0,0,0,0,112,340,0,0,0,7,0,0,0,389,0,0,0,0,0,0,0,0,0,0,0,0,0,0,0,8,0,0,0,0,0,0,0,0,0,0,0,0,0,0,0,0,277,0,0,0,0,0,0,0,0,0,0,0,0,38,0,0,0,0,0,0,0,0,0,0,0,0,0,0,0,0,0,0,0,0,0,0,36,0,0,0,0,0,0,0,0,0,0,0,0,0,0,0,0,0,0,0,0,0,0,0,0,0,0,0,0,0,0,0,0,0,0,0,0,0,0,0,0,0,0
12,6,1228,385,362,0,287,0,0,737,86,23,674,0,0,0,201,0,0,0,0,0,0,0,78,396,47,0,0,0,0,446,0,0,0,61,24,20,0,21,0,100,0,0,0,19,0,0,0,0,0,0,0,0,0,32,0,0,0,0,0,0,0,0,80,0,0,0,0,0,0,0,53,0,0,0,0,0,0,0,0,0,0,0,0,0,0,0,0,0,0,0,0,0,0,0,0,0,49,0,0,18,0,0,0,0,0,0,0,0,0,0,0,0,0,0,0,0,0,0,0,0,0,0,0,0,0,0,0,0,0,0,0,0,0,0,0,0,0,0,0,0,0,0,0,0,0,0,0,0,0
12,7,320,0,1192,0,260,105,36,111,120,97,0,8,0,0,58,385,52,85,0,19,0,0,123,183,11,0,0,0,0,241,0,0,0,14,27,0,0,0,0,0,0,0,0,0,0,0,0,0,0,160,0,0,10,8,0,0,0,0,0,0,0,0,0,0,35,0,0,0,0,0,0,0,0,0,0,0,0,0,0,0,0,0,0,0,0,0,0,0,0,0,0,0,0,0,0,0,0,0,0,0,0,0,0,0,0,0,0,0,0,0,0,0,0,0,0,25,0,0,0,0,0,0,0,0,10,0,0,0,0,0,0,0,0,0,0,0,0,0,0,0,0,0,0,0,0,0,0,0,0
12,8,425,192,128,0,274,54,856,97,5,192,0,0,0,0,0,0,268,67,0,0,0,0,62,0,0,0,0,0,146,435,0,0,0,18,0,0,0,218,0,236,0,0,0,0,0,19,0,0,0,0,0,0,0,0,0,0,64,0,0,0,0,0,0,0,75,0,0,0,0,0,198,0,0,0,0,0,0,0,0,6,0,0,0,0,0,0,25,0,0,0,0,0,0,0,0,0,0,0,0,0,0,0,0,0,0,0,10,0,0,0,0,0,0,0,0,26,0,0,0,0,0,0,0,0,0,0,0,0,0,0,0,0,0,0,0,0,0,0,0,0,0,0,0,0,0,0,0,0,0
12,9,214,1105,127,0,11,199,294,0,0,363,0,0,0,0,11,8,227,0,0,0,0,0,80,142,0,0,0,0,90,209,0,0,0,0,0,0,0,0,0,0,0,0,0,0,0,0,0,0,0,0,0,0,0,0,0,0,68,0,0,0,0,0,0,0,22,0,0,0,0,0,0,0,0,0,0,0,0,0,0,0,0,0,0,0,0,0,9,0,0,0,9,0,0,0,0,0,0,0,0,0,0,0,0,0,0,0,0,0,0,0,0,0,0,0,0,0,0,0,0,0,0,0,0,0,0,0,0,0,0,0,0,0,0,0,0,0,0,0,0,0,0,0,0,0,0,2,0,0,0
13,1,597,420,107,0,804,776,287,348,18,0,0,100,0,0,0,0,196,592,0,0,0,0,0,286,0,0,0,0,81,120,0,0,0,87,0,0,181,58,0,77,0,0,0,0,0,0,0,0,0,0,0,0,0,0,0,0,0,52,0,0,11,0,0,0,0,0,0,0,0,0,0,0,0,0,0,0,0,0,0,0,0,0,0,0,0,0,0,0,0,0,0,0,0,0,0,0,0,0,0,0,0,0,0,0,0,0,0,0,0,0,0,0,0,0,0,0,0,0,0,0,0,0,0,0,0,0,0,0,0,0,0,0,0,0,0,0,0,0,0,0,0,0,0,0,0,0,0,0,0
13,3,4,205,200,222,192,243,288,213,73,584,144,0,0,0,0,0,83,0,0,0,0,0,0,18,0,0,0,0,61,17,0,0,0,44,12,0,212,0,0,7,0,0,0,0,0,0,0,0,0,0,0,0,0,127,0,0,0,28,0,0,0,0,0,0,0,0,0,0,0,0,0,0,0,0,0,0,0,35,0,0,0,0,0,0,0,0,0,0,0,109,0,0,0,0,0,0,0,141,0,0,0,0,0,0,0,0,0,0,0,0,0,0,0,0,0,0,0,0,0,0,0,0,0,0,0,0,0,0,0,0,0,0,0,0,0,0,0,0,0,0,0,0,0,0,0,0,0,0,0
13,4,33,364,226,747,508,228,307,244,0,0,56,0,0,0,8,0,127,0,0,0,0,46,140,0,0,0,0,0,101,276,0,0,0,59,0,0,219,75,0,0,0,0,0,0,0,0,0,0,0,19,0,0,0,178,0,0,0,31,0,0,0,0,37,0,0,0,0,0,41,0,0,0,0,0,0,0,0,29,0,0,0,0,0,0,0,0,0,0,0,48,0,0,0,0,0,0,0,19,0,10,0,0,0,0,0,0,0,0,0,0,0,0,0,0,0,0,0,0,0,0,0,0,0,0,0,0,0,0,0,0,0,0,0,0,0,0,0,0,0,0,0,0,0,0,0,0,0,0,0
13,5,103,1293,18,31,106,484,424,318,0,0,175,24,11,0,0,0,337,0,0,0,0,0,0,972,0,0,0,0,141,0,0,0,0,0,0,0,97,82,0,71,0,0,0,32,0,0,0,0,0,0,0,0,0,298,0,0,35,0,0,0,0,0,0,0,0,22,0,0,37,0,0,0,0,0,0,0,0,60,0,0,0,0,0,0,0,0,0,0,0,0,0,0,0,0,0,0,34,0,0,15,5,0,0,0,0,0,0,0,0,0,0,0,0,0,0,0,0,0,0,0,0,0,0,0,0,0,0,0,0,0,0,0,0,0,0,0,0,0,0,0,0,0,0,0,0,0,0,0,0
13,7,44,0,1116,0,80,42,230,630,0,40,0,44,0,0,0,8,15,0,0,0,0,0,715,0,0,0,0,0,20,28,0,0,0,173,0,0,0,52,0,0,0,0,0,0,0,0,0,469,0,0,0,0,0,59,0,0,0,0,0,0,6,0,170,0,0,0,0,0,8,0,0,0,0,0,0,0,0,15,0,0,0,0,0,0,0,0,0,0,0,0,0,0,0,0,0,0,0,0,0,0,0,0,0,0,0,0,0,0,0,0,0,0,0,0,0,0,0,0,0,0,0,0,0,0,0,0,0,0,0,0,0,0,0,0,0,0,0,0,0,0,0,0,0,0,0,0,0,0,0
13,8,840,38,396,0,56,12,555,339,0,7,0,0,0,0,0,0,120,0,0,0,0,0,11,647,0,0,0,0,115,0,0,0,0,25,0,0,355,79,0,0,0,0,0,0,0,0,0,0,0,0,0,0,0,47,0,0,0,60,0,0,19,0,0,0,0,0,0,0,8,0,0,0,0,0,0,14,0,18,0,0,0,0,0,0,0,0,0,0,0,0,0,0,0,0,0,0,0,0,0,0,0,0,0,0,0,0,0,0,0,23,0,0,0,0,0,0,0,0,0,0,0,0,0,0,0,0,0,0,0,0,0,0,0,0,0,0,0,0,0,0,0,0,0,0,0,0,0,0,0
13,9,453,223,54,0,164,137,369,227,0,13,242,164,0,0,0,0,109,0,0,0,0,0,0,895,0,0,0,0,81,0,0,0,0,51,0,0,0,106,0,20,0,0,0,0,0,0,0,0,0,0,0,0,0,0,0,0,0,0,0,0,0,0,0,0,0,0,0,0,0,0,0,0,0,0,0,0,0,0,0,0,0,0,0,0,0,0,0,0,0,0,0,0,0,0,0,0,13,0,0,22,0,0,0,0,0,0,0,0,0,16,0,0,0,0,0,0,0,0,0,0,0,0,0,0,0,0,0,0,0,0,0,0,0,0,0,0,0,0,0,0,0,0,0,0,0,0,0,0,0
14,1,111,305,293,46,864,158,583,0,0,0,0,4,0,0,0,59,198,0,0,0,0,0,475,0,63,0,0,0,126,22,0,0,0,0,0,0,0,94,0,65,0,0,0,0,0,0,0,0,0,0,0,0,0,65,0,0,0,0,0,0,0,0,0,0,0,0,0,0,0,0,0,0,0,0,0,0,0,8,0,0,0,0,0,0,0,0,0,0,0,0,13,0,0,0,0,0,8,0,0,16,0,0,0,0,0,0,0,0,0,0,0,0,0,0,0,0,0,0,0,0,0,0,0,0,0,0,0,0,0,0,0,0,0,0,0,0,0,0,0,0,0,0,0,0,0,0,0,0,0
14,2,334,415,115,0,186,165,460,35,0,4,0,0,7,0,0,61,143,0,0,0,0,0,222,0,28,0,0,0,99,0,0,0,0,0,0,0,91,200,0,0,0,0,0,0,0,0,0,0,0,26,0,0,0,140,0,0,0,5,0,0,0,0,0,0,0,0,0,0,9,0,46,0,0,0,0,0,0,20,0,0,0,0,0,0,0,0,0,0,0,0,0,0,0,0,0,0,0,0,0,0,7,0,0,0,0,0,0,0,0,0,0,0,0,0,0,0,0,0,0,0,0,0,0,0,16,0,0,0,0,0,0,0,0,0,0,0,0,0,0,0,0,0,0,0,0,0,0,0,0
14,3,85,514,134,0,363,149,270,0,452,0,0,12,0,0,0,42,130,0,0,0,0,0,320,0,0,0,0,0,34,0,0,0,0,0,63,0,442,41,0,19,0,0,0,0,0,0,0,0,0,0,0,0,0,13,0,0,0,40,0,0,0,0,169,0,0,0,0,0,0,0,0,0,0,0,0,0,0,0,0,0,0,0,0,0,0,0,0,0,0,0,41,0,0,0,0,0,0,0,0,0,73,0,0,0,0,0,0,0,0,0,0,0,0,0,0,0,0,0,0,0,0,0,0,0,0,0,0,0,0,0,0,0,0,0,0,0,0,0,0,0,0,0,0,0,0,0,0,0,0
14,5,135,321,586,0,585,514,509,0,107,4,0,65,0,0,19,24,226,0,0,0,0,0,0,0,0,0,0,0,96,188,0,0,0,0,157,0,391,10,0,0,0,0,0,0,0,0,0,0,0,0,0,0,0,0,0,0,0,76,0,0,0,0,0,0,0,0,0,0,0,0,0,0,0,0,0,0,0,0,0,0,0,29,0,0,0,0,0,0,0,0,0,0,0,0,0,0,0,0,0,0,0,0,0,0,0,0,0,0,0,0,0,0,0,0,0,0,0,0,0,0,0,0,0,0,0,0,0,0,0,0,0,0,0,0,0,0,0,0,0,0,0,0,0,0,0,0,0,0,0
14,7,203,0,512,0,167,103,444,1006,0,0,0,0,0,39,0,59,160,0,0,0,0,0,869,1213,0,0,0,0,89,0,0,0,0,216,0,0,21,75,0,69,0,0,0,0,0,0,0,0,0,0,0,0,0,25,0,0,53,0,0,0,0,0,190,0,0,0,0,0,0,0,101,0,0,0,0,0,0,0,0,0,0,0,0,0,0,0,0,0,0,0,3,0,0,0,0,0,21,0,0,20,0,0,0,0,0,0,0,0,0,0,0,0,0,31,0,0,0,0,0,0,0,0,0,0,0,0,0,0,0,0,0,0,0,0,0,0,0,0,0,0,0,0,0,0,0,0,0,0,0
14,8,780,0,617,71,505,209,338,0,22,30,0,12,379,0,945,134,87,0,0,313,0,0,444,0,0,0,0,0,46,5,0,0,0,0,11,0,268,17,0,0,0,0,0,0,66,0,0,0,0,0,0,0,0,6,0,0,0,47,0,0,71,0,0,0,0,0,0,0,0,0,0,0,0,27,0,29,0,0,0,0,0,0,0,0,0,0,0,0,0,0,19,0,0,0,0,0,0,0,0,0,0,0,0,0,0,0,0,0,0,0,0,0,0,0,0,0,0,0,0,0,0,0,0,0,0,0,0,0,0,0,0,0,0,0,0,0,0,0,0,0,0,0,0,0,0,0,0,0,0
14,9,153,0,332,0,643,7,115,0,0,0,0,0,0,0,0,39,18,0,0,0,0,0,402,440,0,0,0,0,21,0,0,0,0,0,0,0,0,90,0,46,0,0,0,0,0,0,0,0,0,0,0,0,0,3,0,0,0,0,0,0,0,0,0,0,0,0,0,0,0,0,127,188,0,0,0,0,0,0,0,0,0,0,0,0,0,0,0,0,0,0,0,0,0,0,0,0,0,0,0,0,0,0,0,0,0,0,21,0,0,0,0,0,0,9,0,0,0,0,0,0,0,0,0,0,0,0,0,0,0,0,0,0,0,0,0,0,0,0,0,0,0,0,0,0,0,0,0,0,0
15,1,103,285,0,0,0,0,118,585,25,0,2205,64,21,0,0,0,35,0,115,11,0,223,0,0,117,0,0,0,11,0,0,0,0,115,0,0,114,0,0,0,0,0,0,0,11,0,0,0,0,0,415,0,276,0,0,0,0,11,0,0,0,0,0,0,0,0,0,0,85,0,0,0,0,0,0,0,0,0,0,0,0,0,0,0,0,0,0,0,0,0,0,0,0,0,0,0,0,0,0,3,0,0,0,0,0,0,0,0,0,0,0,0,0,0,0,0,0,0,0,0,0,0,0,0,0,0,0,0,0,0,0,0,0,0,0,0,0,0,0,0,0,0,0,0,0,0,0,0,0
15,2,320,273,0,75,63,0,61,120,73,0,1075,107,14,0,0,0,0,77,0,17,45,0,0,231,77,0,0,0,9,0,0,0,0,0,0,37,0,2,14,0,0,46,0,29,0,0,0,0,26,0,0,0,0,0,44,0,0,0,0,0,0,0,0,0,0,0,0,0,0,3,0,36,0,0,0,0,0,0,0,0,15,0,50,0,0,0,0,0,0,0,0,0,0,0,0,0,0,0,0,0,0,0,0,0,0,0,0,0,0,0,0,0,0,0,0,0,0,0,0,25,0,0,0,0,0,0,0,0,0,0,0,0,0,0,0,0,0,0,0,0,0,0,0,0,0,0,0,0,0
15,3,246,433,101,628,233,66,0,747,5,123,0,79,17,0,26,0,0,0,124,23,52,0,0,0,0,0,0,0,0,0,0,0,0,151,0,0,247,0,0,0,0,0,0,0,0,0,0,0,0,0,0,0,0,252,0,0,0,47,0,0,0,0,0,0,0,0,0,0,0,0,0,0,0,0,0,0,0,89,0,0,0,0,0,0,0,0,16,0,0,0,0,0,0,0,0,0,0,0,0,0,0,0,0,18,0,0,0,0,0,0,0,0,0,0,0,0,0,0,0,0,0,0,0,0,0,0,0,0,0,0,0,0,0,0,0,0,0,0,0,0,0,0,0,0,0,0,0,0,0
15,5,559,403,772,0,25,0,35,486,0,102,1596,0,0,0,26,231,88,0,0,0,0,0,19,0,10,0,0,0,46,0,0,0,0,77,0,0,0,0,0,0,0,0,0,0,0,0,0,0,148,142,0,0,0,21,0,0,0,0,0,0,0,0,0,0,0,0,0,34,0,0,0,0,0,0,0,0,0,0,0,0,0,0,0,0,0,0,0,0,0,0,0,0,0,0,0,0,0,0,0,14,0,0,0,0,0,0,0,0,0,0,0,0,0,29,0,0,0,0,0,0,0,0,27,0,0,0,0,0,0,0,0,0,0,0,0,0,0,0,0,0,0,0,0,0,0,0,0,0,0
15,6,501,1423,98,0,42,87,9,3297,0,0,410,12,27,0,0,0,0,129,0,0,0,0,0,12,83,0,0,28,0,0,0,0,0,0,0,0,8,462,0,0,0,0,0,44,0,0,0,0,279,0,0,0,0,0,0,0,0,0,0,0,0,0,0,0,0,0,0,48,0,0,0,0,0,0,0,0,0,0,0,0,0,0,0,0,0,0,0,0,0,0,0,0,0,0,0,0,0,0,0,49,0,0,0,0,0,0,0,0,0,0,0,0,0,0,0,0,0,0,0,0,0,0,0,0,0,0,0,0,0,0,0,0,0,0,0,0,0,0,0,0,0,0,0,0,0,0,0,0,0
15,7,248,271,0,0,111,15,184,2058,171,18,2570,111,0,0,0,0,35,180,0,0,0,0,0,0,30,0,0,0,48,0,0,0,0,334,0,13,749,0,16,0,0,50,0,0,0,0,0,0,0,0,0,34,405,0,0,0,0,94,0,0,0,0,0,0,0,0,0,0,0,88,0,0,0,0,0,0,0,0,0,0,0,0,46,0,0,0,0,0,0,0,0,0,0,0,0,0,0,0,0,0,0,0,0,20,0,0,0,0,0,0,0,0,0,0,0,0,0,0,0,0,0,0,0,0,0,0,0,0,0,0,0,0,0,0,0,0,0,0,0,0,0,0,0,0,0,0,0,0,0
15,10,0,251,0,0,33,35,174,450,82,62,901,170,30,0,0,0,79,5,161,11,307,0,0,0,178,0,0,0,43,12,0,0,0,82,0,0,48,0,0,0,0,0,0,0,20,0,0,0,0,0,0,0,0,0,0,0,0,0,0,0,0,0,0,0,0,0,0,0,0,0,0,0,0,0,0,0,0,0,0,0,0,0,0,0,0,0,0,0,0,0,0,0,0,0,0,0,0,0,0,0,0,0,0,0,0,0,0,0,0,0,0,0,0,0,0,0,0,0,0,0,0,0,0,0,0,0,0,0,0,0,0,0,0,0,0,0,0,0,0,0,0,0,0,0,0,0,0,0,0
16,1,0,0,31,16,244,224,741,0,0,0,0,16,562,0,0,0,261,0,0,407,0,0,0,0,0,0,0,0,122,0,0,0,57,0,0,0,0,3,0,0,131,0,63,0,0,0,40,0,0,0,0,0,0,0,0,0,0,0,0,0,0,0,0,0,0,0,0,0,0,0,0,0,0,0,0,0,0,0,0,0,0,0,0,0,0,0,0,0,0,0,0,0,0,0,0,0,0,0,0,0,0,0,0,0,0,0,0,0,0,0,0,0,0,0,0,0,0,0,0,0,0,0,0,0,0,0,0,0,0,0,0,0,0,0,0,0,0,0,0,0,0,0,0,0,0,0,0,0,0
16,2,0,0,370,129,183,0,339,0,0,0,0,0,203,0,0,21,170,0,0,56,7,764,0,0,0,0,0,0,27,0,0,0,144,0,0,0,0,464,0,0,0,80,0,0,43,0,740,0,0,0,0,0,0,0,0,0,0,0,0,0,0,0,0,0,0,0,0,0,0,19,0,0,0,0,0,0,0,0,0,0,0,0,0,0,0,0,0,0,0,0,0,0,0,0,0,0,0,0,0,0,0,0,0,0,0,0,0,0,0,0,0,0,0,0,0,0,0,0,0,0,0,0,0,0,0,0,0,0,0,0,0,0,0,0,0,0,0,0,0,0,0,0,0,0,0,0,0,0,0
16,4,0,0,28,29,227,126,563,0,66,11,0,9,620,0,0,0,253,0,0,136,70,0,0,0,0,0,0,0,142,0,0,0,113,0,0,0,0,148,0,0,0,28,11,0,158,0,0,0,0,0,0,0,0,0,0,0,0,0,3,0,0,0,0,0,0,0,0,0,0,0,0,0,0,0,0,0,0,0,0,0,0,0,0,0,0,0,0,0,0,0,0,0,0,0,0,0,0,0,0,0,0,0,0,0,0,0,0,0,0,0,0,0,0,0,0,0,0,0,0,0,0,0,0,0,0,0,0,0,0,0,0,0,0,0,0,0,0,0,0,0,0,0,0,0,0,0,0,0,0
16,5,8,0,423,1097,119,273,1073,0,222,0,0,6,779,0,0,0,386,0,0,387,112,70,0,0,0,0,0,0,137,0,29,0,309,0,75,0,0,205,0,0,7,0,0,0,156,0,5,0,0,0,0,0,0,0,0,0,0,0,0,0,0,0,0,0,0,0,0,0,0,0,0,0,0,0,0,0,0,0,0,0,0,0,0,0,0,0,0,0,0,0,0,0,0,0,0,0,0,0,0,0,0,0,0,0,0,0,0,0,0,0,0,0,0,0,0,0,0,0,0,0,0,0,0,0,0,0,0,0,0,0,0,0,0,0,0,0,0,0,0,0,0,0,0,0,0,0,0,0,0
16,6,0,0,318,0,739,78,2138,33,133,0,0,77,1455,0,0,37,467,0,0,364,183,0,0,0,0,10,0,0,313,0,1469,0,232,0,39,0,0,0,0,0,0,0,0,0,380,0,0,0,17,0,0,0,0,0,0,0,0,0,0,0,0,0,0,0,0,0,0,0,0,0,0,0,0,0,0,0,0,0,0,0,0,0,0,0,0,0,0,0,0,0,0,0,0,0,0,0,0,0,0,0,0,0,0,0,0,0,0,0,0,0,0,0,0,0,0,0,0,0,0,0,0,0,0,0,0,0,0,0,0,0,0,0,0,0,0,0,0,0,0,0,0,0,0,0,0,0,0,0,0
16,7,0,0,292,133,763,16,993,0,20,0,0,72,444,0,0,109,665,0,0,118,233,0,0,0,0,6,0,0,187,0,450,0,30,0,0,0,0,172,0,0,0,0,0,0,120,0,95,0,0,0,0,0,0,0,0,0,0,0,48,0,0,0,0,0,0,0,0,0,0,0,0,0,0,0,0,0,0,0,0,0,0,0,0,0,0,0,0,0,0,0,0,121,0,0,0,0,0,0,0,0,0,0,0,0,0,0,0,0,0,0,0,0,0,0,0,0,0,0,0,0,0,0,0,0,0,0,0,0,0,0,0,0,0,0,0,12,0,0,0,0,0,0,0,0,0,0,0,0,0
16,8,0,0,92,66,238,194,459,0,16,8,0,14,410,0,14,0,245,0,0,127,31,0,0,0,0,0,0,0,87,0,0,0,47,0,0,0,0,801,0,0,0,0,0,0,52,0,0,0,0,0,0,0,0,0,0,0,0,0,0,0,0,0,0,0,0,0,0,0,0,0,0,0,0,0,0,0,0,0,0,0,0,0,0,0,0,0,0,0,0,0,0,0,0,0,0,0,0,0,0,0,0,0,0,0,0,0,0,0,0,0,0,0,0,0,0,0,0,0,0,0,0,0,0,0,0,0,0,0,0,0,0,0,0,0,0,0,0,0,0,0,0,0,0,0,0,0,0,0,0
17,1,434,201,71,199,135,7,1199,0,18,50,0,130,0,0,56,4,420,0,0,0,0,0,0,130,0,0,0,0,268,87,0,30,0,0,0,0,0,0,0,0,0,0,0,0,0,0,0,0,0,0,0,0,0,76,0,0,0,0,0,0,0,0,0,0,0,0,0,0,0,0,0,0,0,0,0,0,0,38,0,0,0,0,0,0,0,0,0,0,0,0,101,0,0,0,0,0,0,0,0,0,0,0,0,0,0,0,0,0,0,8,0,0,0,0,0,0,0,0,0,0,0,0,0,0,0,0,0,0,0,0,0,0,0,0,0,0,0,0,0,0,0,0,0,0,0,0,0,0,0
17,2,106,0,135,0,502,379,62,0,0,38,0,7,0,0,0,0,10,0,0,0,0,0,484,0,17,0,0,731,0,0,0,0,0,0,0,0,177,54,0,0,0,28,0,0,0,0,0,0,0,0,0,0,0,0,0,0,0,55,0,0,0,26,0,0,0,0,0,0,0,0,0,0,0,0,0,0,0,2,0,0,0,0,0,0,0,0,0,0,0,0,92,0,0,0,0,0,0,0,0,0,0,0,0,0,0,0,0,91,0,0,0,0,0,0,0,0,0,0,0,0,0,0,0,0,0,0,5,0,0,0,0,0,0,0,0,0,0,0,0,0,0,0,0,0,0,0,0,0,0
17,4,467,817,0,166,221,187,520,0,0,0,0,757,109,0,0,0,240,238,0,85,0,0,0,88,99,0,0,0,117,29,0,0,0,0,0,0,0,21,0,0,0,160,0,10,37,0,0,0,0,0,0,0,0,0,0,0,0,0,0,0,244,0,0,0,0,0,0,0,0,0,0,0,0,98,0,86,0,0,0,0,0,0,0,0,0,0,0,0,0,0,0,0,0,0,0,0,0,0,0,0,0,0,0,0,0,0,0,0,0,0,0,0,0,0,0,0,0,0,0,0,0,0,0,0,0,0,0,0,0,0,0,0,0,0,0,0,0,0,0,0,0,0,0,0,0,0,0,0,0
17,5,1517,0,0,0,172,189,448,0,0,130,0,693,16,0,0,0,183,482,0,12,260,0,0,261,157,0,0,0,118,7,0,0,0,0,0,0,0,0,0,0,0,0,0,489,0,0,0,0,0,0,0,0,0,0,0,0,0,0,0,0,0,0,0,0,0,0,0,0,0,0,0,20,0,0,0,0,0,0,0,0,0,0,0,0,0,0,0,0,0,0,0,0,0,0,40,0,0,0,0,0,0,0,0,0,0,0,0,0,0,0,0,0,0,0,0,0,0,0,0,0,0,0,0,0,0,0,0,0,0,0,4,0,0,0,0,0,0,0,0,0,0,0,0,0,0,0,2,0,0
17,6,340,246,0,232,173,63,1222,0,599,323,0,223,59,0,0,487,584,259,0,66,0,0,0,262,48,0,0,0,365,0,0,8,0,0,278,0,0,0,0,0,0,0,0,31,0,0,0,0,0,0,0,0,0,0,0,0,0,0,0,0,0,0,0,0,0,0,0,0,0,0,0,0,0,0,0,0,0,0,0,0,0,0,0,0,0,0,0,0,0,0,0,0,0,0,0,0,0,32,0,0,0,0,0,0,0,0,0,0,0,0,0,0,0,0,0,0,0,0,0,0,0,0,0,0,0,0,0,0,0,0,0,0,0,0,0,0,0,0,0,0,0,0,0,0,0,0,0,0,0
17,9,21,0,273,253,111,60,39,0,0,228,0,290,0,0,357,33,19,0,0,0,0,0,268,0,0,0,0,693,29,4,0,0,0,0,0,0,257,0,0,0,0,0,0,0,0,0,0,0,0,0,0,0,0,9,0,0,0,28,0,0,0,0,0,0,0,0,0,0,0,0,0,0,0,0,0,0,0,3,0,0,0,0,0,0,0,0,0,0,0,0,0,0,0,0,0,0,0,16,0,0,0,36,0,0,0,0,0,0,0,4,0,0,0,0,0,0,0,0,0,0,0,0,0,0,0,0,0,0,0,0,0,0,0,0,0,0,0,0,0,0,0,0,0,0,0,0,0,0,0
17,10,5,78,68,0,1469,55,63,0,20,404,0,12,0,0,199,0,0,0,0,0,0,0,110,124,0,0,0,293,23,12,0,0,0,0,0,0,46,37,0,0,0,0,0,0,0,0,0,0,0,0,0,0,0,0,0,0,0,13,0,0,0,0,0,0,0,0,0,0,0,0,0,0,0,0,0,0,0,0,15,0,0,0,0,0,0,0,0,0,0,10,0,0,0,0,0,0,0,0,0,0,0,0,0,0,0,0,0,0,0,0,0,0,0,0,0,0,0,0,0,0,0,0,0,0,0,0,0,0,0,0,0,0,0,0,0,0,0,0,0,0,0,0,0,0,0,0,0,0,0
18,1,586,0,27,199,203,248,508,0,270,0,0,652,35,0,855,238,312,0,0,7,0,0,49,29,0,0,0,0,154,200,0,195,51,0,57,0,0,24,0,0,0,0,0,0,12,0,0,0,0,0,0,0,0,0,0,0,0,0,0,0,0,0,0,0,0,0,0,0,0,0,0,0,0,0,0,0,0,0,0,0,0,0,0,31,0,0,0,0,0,0,0,0,0,0,0,0,0,0,0,0,0,0,0,0,0,0,0,9,0,0,0,0,0,0,0,0,0,0,0,0,0,0,0,0,0,0,0,0,0,0,0,0,0,0,0,0,0,0,0,0,0,0,0,0,0,0,0,0,0
18,2,0,9,0,1298,144,336,135,372,686,9,0,817,0,0,0,82,107,0,0,0,0,0,0,106,187,0,0,0,11,0,0,0,59,0,156,0,0,0,0,0,0,0,0,0,0,0,0,0,0,0,0,0,0,0,0,0,0,0,0,0,0,0,0,0,0,11,0,0,0,0,0,0,0,0,0,0,0,0,0,0,0,0,0,0,0,0,0,0,0,0,0,0,0,0,0,0,0,0,0,0,0,0,0,0,0,0,0,0,0,0,0,0,0,0,0,0,0,0,0,0,0,0,0,0,0,0,0,0,0,0,0,0,0,0,0,0,0,0,0,0,0,0,0,0,0,0,0,0,0
18,4,592,0,8,22,173,61,597,0,797,70,0,374,76,0,92,180,346,0,0,44,0,0,0,113,0,5,0,0,143,31,0,260,133,0,85,0,0,47,0,0,0,43,0,0,36,0,0,0,0,0,0,0,0,0,0,0,0,0,0,58,0,0,0,0,0,0,0,0,0,0,0,0,0,0,0,0,0,0,0,0,0,0,0,0,0,0,0,0,0,0,0,0,0,0,0,0,0,0,0,0,0,0,0,0,0,0,0,0,0,0,0,0,0,0,0,0,0,0,0,0,0,0,0,0,0,0,0,0,0,0,0,0,0,0,0,0,0,0,0,0,0,0,0,0,0,0,0,0,0
18,5,318,0,17,0,341,120,1031,0,497,38,0,586,208,0,34,442,477,0,0,99,87,0,0,250,218,0,0,0,286,0,0,100,48,0,87,0,0,27,0,0,0,0,0,0,60,0,0,0,0,0,0,0,0,0,0,0,0,0,0,0,0,0,0,0,0,0,0,0,0,0,0,0,0,0,0,0,0,0,0,0,0,0,0,0,0,0,0,0,0,0,0,0,0,0,0,0,0,0,0,0,0,0,0,0,0,0,0,0,40,0,0,0,0,0,0,0,0,0,0,0,0,0,0,0,0,0,0,0,0,0,0,0,0,13,0,0,0,0,0,0,0,0,0,0,0,0,0,0,0
18,6,0,0,0,75,157,923,983,19,791,0,0,401,65,0,22,260,438,0,0,17,34,0,0,0,41,0,0,0,240,115,0,94,13,0,197,0,0,52,0,0,0,0,0,856,16,0,0,0,0,0,0,0,0,0,0,0,0,0,0,0,0,0,0,0,0,0,0,0,0,0,0,0,0,0,0,0,0,0,0,0,0,0,0,0,0,0,0,0,0,0,0,0,0,0,0,0,0,0,0,0,0,0,0,0,0,0,0,0,0,0,0,0,0,0,0,0,0,0,0,0,0,0,0,0,0,0,0,0,0,0,0,0,0,0,0,0,0,0,0,0,0,0,0,0,0,0,0,0,0
18,7,1396,0,0,0,146,378,930,0,196,0,0,37,0,0,0,11,301,570,0,0,0,0,0,0,0,0,0,0,146,38,0,81,194,0,56,0,0,363,0,0,0,0,0,38,0,0,0,0,0,0,0,0,0,0,0,0,0,0,60,0,0,0,0,0,0,0,0,0,0,0,0,0,0,0,0,0,0,0,0,0,0,0,0,0,0,0,0,0,0,0,0,0,0,0,0,0,0,0,0,0,0,0,0,0,0,0,0,0,0,0,0,0,0,0,0,0,0,0,0,0,0,0,0,0,0,0,0,0,0,0,0,0,0,0,0,0,0,0,0,0,0,0,0,0,0,0,0,0,0
18,8,0,396,78,0,237,232,832,0,271,0,0,108,0,0,447,219,419,0,0,0,77,0,13,27,352,137,0,0,230,13,0,206,0,0,66,0,0,153,0,0,0,0,0,0,0,0,0,0,0,0,0,0,0,0,0,0,0,0,0,0,0,0,0,0,0,0,0,0,0,0,0,0,0,0,0,0,0,0,0,0,0,0,0,0,0,0,0,0,0,119,0,0,0,0,0,0,0,0,0,0,0,0,0,0,0,0,0,0,46,0,0,0,0,0,0,0,0,0,0,0,0,0,0,0,0,0,0,0,0,0,0,0,0,0,0,0,0,0,0,0,0,0,0,0,0,0,0,0,0
19,1,252,9,221,28,148,25,724,0,57,0,0,395,38,0,538,0,340,99,0,15,0,0,4,207,51,266,0,0,163,0,0,0,21,0,14,0,0,35,0,0,0,81,0,67,8,0,0,0,0,0,0,0,0,0,0,0,0,0,0,0,0,0,0,0,0,0,0,0,0,0,0,0,0,0,0,0,0,0,0,0,0,0,0,0,0,0,0,0,0,0,0,0,0,155,0,0,0,0,0,0,0,0,0,0,0,0,0,0,0,0,0,0,0,0,0,0,32,0,0,0,0,0,0,0,0,0,0,0,0,0,0,0,0,0,0,0,0,0,0,0,0,0,0,0,0,0,0,0,0
19,2,618,799,113,30,0,328,260,13,370,464,0,314,115,0,114,368,169,105,0,39,0,0,0,121,59,0,0,0,74,0,0,0,30,0,86,0,0,0,0,0,15,0,0,0,23,0,0,0,0,12,0,0,0,0,0,0,0,0,0,0,0,0,0,0,0,0,0,0,0,0,0,0,0,0,0,0,0,0,0,0,0,0,0,0,0,0,24,0,0,0,0,0,0,0,0,0,0,0,0,0,0,0,0,0,0,0,0,0,0,0,0,0,0,0,0,0,0,0,0,0,0,0,0,0,0,0,0,0,0,0,0,0,0,0,0,0,0,0,0,0,0,0,0,0,0,0,0,0,0
19,3,1577,60,580,119,127,129,191,0,0,207,0,133,59,0,209,14,79,0,0,18,0,0,0,11,0,0,0,0,29,0,0,0,0,0,0,0,0,0,0,0,0,0,0,0,10,0,0,0,0,0,0,0,0,0,0,0,0,0,0,0,0,0,0,0,0,0,0,0,0,0,0,0,0,0,0,0,0,0,0,0,0,0,0,0,0,0,0,0,0,0,0,0,0,0,0,0,0,0,0,0,0,0,0,0,0,0,0,0,0,0,0,0,0,0,0,0,0,0,0,0,0,0,0,0,0,0,0,0,0,0,0,0,0,0,0,0,0,0,0,0,0,0,0,0,0,0,0,0,0
19,4,714,0,789,0,46,56,18,0,0,570,0,112,0,0,306,0,12,0,0,0,0,0,273,0,0,0,0,0,0,0,0,0,56,0,0,0,0,0,0,0,0,0,0,0,0,0,0,0,0,0,6,0,0,19,0,0,0,0,0,0,0,0,0,0,85,67,0,0,0,0,4,0,0,0,0,0,0,0,0,0,0,0,0,0,0,0,80,0,0,0,0,0,0,0,0,0,0,7,0,0,0,0,0,0,0,0,0,0,0,0,0,0,0,28,0,0,0,0,0,0,0,0,0,0,0,0,0,0,0,0,0,0,0,0,0,0,0,0,0,0,0,0,0,0,0,0,0,0,0
19,5,0,0,1088,0,123,177,499,0,835,0,0,1316,0,0,107,0,180,0,0,0,0,0,10,0,0,0,0,0,87,0,0,0,24,0,348,0,0,38,0,0,0,0,0,0,0,0,0,0,0,0,0,0,110,0,0,0,0,0,0,0,0,0,0,0,161,24,0,0,0,0,0,0,0,0,0,0,0,0,0,0,0,0,0,0,0,0,0,0,0,0,0,46,106,0,0,0,0,0,0,0,0,0,0,0,0,0,0,0,0,24,0,0,0,0,0,0,0,0,0,0,0,0,0,0,0,0,0,18,0,0,0,0,0,0,0,0,0,0,0,0,0,0,0,0,0,0,0,0,0
19,8,322,0,604,0,133,327,317,0,202,476,0,373,26,0,586,37,260,0,0,16,0,0,169,54,0,0,0,0,104,0,0,0,19,0,0,0,0,24,0,0,0,0,0,0,16,0,0,0,0,0,0,0,37,0,0,0,0,0,0,0,0,0,84,0,64,0,0,0,0,0,0,0,0,0,0,0,0,0,0,0,0,0,0,0,0,0,129,0,0,0,0,0,46,0,0,0,0,0,0,0,0,0,0,0,0,0,0,0,0,24,0,0,0,0,0,0,0,0,0,0,0,0,0,0,0,0,0,0,0,0,0,0,0,0,0,0,0,0,0,0,0,0,0,4,0,0,0,0,0
19,10,674,0,356,0,33,0,482,0,142,0,0,39,0,0,298,0,220,252,0,0,0,0,0,137,0,0,0,0,102,0,0,0,50,0,0,0,0,29,0,0,0,0,0,0,0,0,0,0,0,0,0,0,0,0,0,0,0,0,0,0,241,0,0,0,0,20,0,0,0,0,0,0,0,83,0,45,0,0,0,0,0,0,0,0,0,0,0,0,0,0,0,0,0,52,0,0,0,0,0,0,11,0,0,0,0,0,0,0,0,5,0,0,0,0,0,0,16,0,0,0,0,0,0,0,0,0,0,0,0,0,0,0,0,0,0,0,0,0,0,0,0,0,0,0,0,0,0,0,0
20,1,0,153,187,0,636,15,152,747,0,43,0,0,0,0,563,0,26,0,0,0,0,0,246,55,0,0,0,191,0,0,0,0,0,151,0,0,8,0,0,0,0,0,0,0,0,0,0,0,8,0,0,0,0,0,0,0,0,0,0,0,0,316,0,0,0,0,0,0,0,0,0,0,0,0,0,0,265,0,0,0,0,0,0,0,0,0,0,0,0,0,0,0,0,0,0,0,0,0,0,0,7,0,155,0,0,0,0,0,0,0,0,0,0,15,0,0,0,45,0,0,0,0,0,0,0,0,0,0,0,0,0,0,0,0,0,0,0,0,0,0,0,0,0,0,0,0,0,0,0
20,2,119,514,0,0,240,112,33,456,0,0,179,0,0,0,87,0,26,0,0,0,0,0,0,161,0,0,0,333,39,66,0,0,0,100,0,0,22,52,0,0,0,0,0,0,0,0,0,0,0,5,0,0,0,0,0,0,0,15,0,0,265,566,0,0,0,0,0,0,0,364,0,0,0,95,0,101,50,0,0,0,0,0,0,50,0,0,0,0,0,0,0,0,0,0,0,0,0,0,0,0,19,0,0,0,0,0,0,0,0,0,0,0,0,0,0,0,0,0,0,0,0,0,0,0,0,0,0,0,0,0,0,0,0,0,0,0,0,0,0,0,0,0,0,0,0,0,0,0,0
20,3,0,55,0,0,110,27,71,91,0,0,200,0,0,0,103,0,23,0,0,0,0,0,0,75,0,0,0,142,31,7,0,0,0,0,0,0,0,0,0,0,0,0,0,0,0,0,0,272,26,0,0,0,0,0,0,0,0,0,0,0,0,0,0,0,0,0,0,14,0,0,0,0,0,0,0,0,80,0,0,0,0,0,0,0,45,0,0,0,0,0,0,0,0,0,0,0,0,0,0,0,0,0,0,0,0,0,0,0,0,0,0,0,0,0,0,0,0,0,0,0,0,0,0,0,0,0,0,0,0,0,0,0,0,0,0,0,0,0,0,0,0,0,0,0,0,0,0,0,0
20,4,202,189,0,0,166,337,297,397,0,0,16,0,0,0,25,0,45,0,0,0,0,0,139,40,0,0,0,254,91,0,0,0,0,82,0,0,78,0,0,0,0,0,0,0,0,0,0,187,58,0,0,0,0,0,0,0,0,0,0,0,0,0,0,0,0,0,0,14,0,0,0,0,0,0,0,0,14,0,0,0,0,0,0,0,14,413,0,0,0,0,0,0,0,0,0,0,0,0,0,0,0,0,0,0,0,0,0,0,0,0,0,0,0,0,0,0,0,0,0,0,0,0,0,0,0,0,0,0,0,0,0,0,0,0,0,0,0,0,8,0,0,5,0,0,0,0,0,0,0
20,5,259,54,38,0,434,30,205,394,0,0,0,0,0,0,67,0,37,0,0,0,0,0,0,22,109,0,0,45,43,0,0,0,0,73,0,0,55,0,0,0,0,0,0,0,0,0,0,0,120,0,0,0,0,0,0,0,0,0,0,0,0,34,0,0,0,0,0,0,0,0,0,0,0,0,0,0,7,0,0,0,0,0,0,0,0,133,0,0,0,0,0,0,0,0,0,0,0,0,0,0,0,0,0,9,0,0,0,0,0,0,0,0,0,0,0,0,0,0,0,0,31,0,0,0,0,0,0,0,0,0,0,0,0,0,0,0,0,0,0,0,0,0,0,0,0,0,0,0,0
20,7,0,151,0,0,13,6,202,379,0,51,80,0,0,0,85,0,50,0,0,0,0,0,197,72,0,0,0,31,0,0,0,0,0,101,0,0,0,96,0,0,0,0,0,0,0,0,0,207,0,0,0,0,0,0,0,0,0,0,0,0,0,0,0,0,0,0,0,0,0,0,0,0,0,0,0,0,0,0,0,0,0,0,0,0,16,0,0,0,0,0,0,0,0,0,0,0,0,0,0,0,0,0,0,0,0,0,0,0,0,0,0,0,0,0,0,0,0,0,0,0,0,0,0,0,0,0,0,0,0,0,0,0,3,0,0,0,0,0,0,0,0,0,0,0,0,0,0,0,0
20,8,0,247,54,0,467,0,111,331,0,0,0,0,0,0,0,0,23,0,0,0,0,0,68,49,89,0,0,115,0,0,0,0,0,51,0,0,110,0,0,0,0,0,0,0,0,0,0,482,10,0,0,0,0,0,0,0,0,24,0,0,0,12,0,0,0,0,0,0,0,0,0,0,0,0,0,0,0,0,0,0,0,0,0,0,70,0,0,0,0,0,0,0,0,0,0,0,0,0,0,0,0,0,0,0,0,0,0,0,0,0,0,0,0,0,0,0,0,0,0,0,0,0,0,0,0,0,0,0,0,0,0,0,0,0,0,0,0,0,0,0,0,0,0,0,0,0,0,0,0
21,2,383,135,180,0,85,57,140,325,0,56,0,52,0,0,53,0,53,0,0,0,0,0,307,167,0,0,0,454,40,19,0,0,0,0,0,0,0,0,0,0,0,0,0,0,0,0,0,0,0,0,0,0,0,39,0,0,0,0,0,0,14,3,0,0,0,0,0,0,0,0,0,0,0,0,0,0,0,13,0,0,0,0,0,0,0,0,0,0,0,9,0,20,0,0,0,0,0,0,0,0,0,0,0,0,0,0,0,0,14,0,0,0,0,0,0,0,0,0,0,0,0,0,0,0,0,0,0,0,0,0,0,0,0,6,0,0,11,0,0,0,0,0,0,0,0,0,0,0,0
21,3,14,0,13,0,134,8,174,0,0,471,0,37,0,0,73,0,49,0,0,0,0,0,160,0,0,0,0,27,23,2,0,0,6,0,0,0,0,0,0,0,0,0,0,0,0,0,0,0,0,0,0,0,0,10,21,0,0,0,0,0,0,0,68,23,0,0,0,0,0,0,0,0,0,0,0,0,0,9,0,0,0,0,0,109,0,0,0,0,0,0,0,0,0,0,0,0,0,0,0,0,0,0,0,12,0,0,0,0,0,0,0,0,0,0,0,0,0,0,0,0,0,0,0,0,0,0,0,0,0,0,0,0,15,0,0,0,0,0,0,0,0,0,0,0,0,0,0,0,0
21,4,230,62,183,0,357,46,61,230,699,77,0,0,0,0,0,0,0,0,0,0,0,0,32,379,26,0,0,932,0,50,0,0,0,27,104,0,0,0,0,0,0,0,0,0,0,0,0,0,0,0,0,0,0,0,0,0,0,0,0,0,0,0,0,0,0,0,0,0,0,0,0,0,0,0,0,0,0,0,0,0,0,0,0,0,0,0,0,0,0,0,0,0,0,0,0,0,0,0,0,0,0,0,0,0,0,0,0,0,0,0,0,0,0,0,0,0,0,0,0,0,0,0,0,0,0,0,0,0,0,0,0,0,0,0,0,0,0,0,0,0,0,0,0,0,0,0,0,0,0
21,5,168,0,188,0,537,71,160,0,0,15,246,20,0,0,313,33,56,0,0,0,0,0,386,98,24,0,0,239,74,117,0,0,0,0,0,0,0,19,0,0,0,314,0,0,0,0,0,0,0,0,0,0,0,0,0,0,0,0,0,0,0,0,16,52,0,0,0,0,0,0,0,0,0,0,0,0,0,0,0,0,0,0,0,124,0,0,0,0,0,0,0,0,0,0,0,0,0,9,0,0,0,0,0,0,0,0,0,0,33,0,0,0,0,0,0,0,0,0,0,0,0,0,0,0,0,0,0,0,0,0,0,0,0,0,0,0,0,0,0,0,0,0,0,0,0,0,0,0,0
21,7,196,203,122,0,142,86,271,521,0,0,0,39,33,0,0,274,151,0,0,43,0,275,169,79,0,0,0,346,32,70,0,0,0,94,0,0,0,98,0,0,0,0,0,0,16,0,0,0,0,0,0,0,0,0,0,0,0,0,0,0,56,0,0,0,0,0,0,0,0,0,0,0,0,43,0,22,0,0,0,0,0,0,0,21,0,0,0,0,0,0,0,0,0,0,0,0,0,0,0,0,0,0,0,0,0,0,0,0,0,0,0,0,0,0,0,0,0,0,0,0,0,0,0,0,0,0,0,0,0,0,0,0,0,0,0,0,0,0,0,0,0,0,0,0,0,0,0,0,0
21,9,0,32,87,0,121,280,0,208,0,50,0,16,21,0,109,0,0,0,0,10,0,0,53,22,0,0,0,226,0,129,0,0,0,0,0,0,0,0,0,0,0,0,0,0,0,0,0,0,0,0,0,0,0,0,0,0,0,0,0,0,0,0,0,0,0,0,0,0,0,0,0,0,0,0,0,0,0,0,0,0,0,0,0,0,0,0,0,0,0,0,0,0,0,0,0,0,0,0,0,0,0,0,0,0,0,0,0,0,0,0,0,0,0,0,0,0,0,0,0,0,0,0,0,0,0,0,0,0,0,0,0,0,0,0,0,0,0,0,0,0,0,0,0,0,0,0,0,0,0
21,10,315,351,0,0,94,0,176,408,104,151,7,53,17,0,0,11,73,0,0,0,0,0,14,26,15,0,0,50,42,28,0,0,0,33,38,0,0,0,0,0,0,0,0,0,13,0,0,129,0,0,0,0,0,0,0,0,0,0,0,0,105,0,0,0,0,0,0,0,0,0,0,0,0,25,0,31,0,0,0,0,0,0,0,0,0,0,0,0,0,0,0,0,0,0,0,0,0,0,0,0,0,0,0,0,0,0,0,0,0,0,0,0,0,0,0,0,0,0,0,0,0,0,0,0,0,0,0,0,0,0,0,0,0,0,0,0,0,0,0,0,0,0,0,0,0,0,0,0,0
22,1,186,22,0,103,0,0,528,0,282,14,0,582,62,71,0,0,288,82,0,40,149,416,0,172,0,312,0,0,172,0,8,0,0,0,0,0,0,74,0,0,0,47,0,0,21,0,97,0,0,0,0,16,0,0,0,0,0,0,0,0,0,0,0,0,0,7,0,0,0,0,0,0,0,0,0,0,0,0,0,0,0,0,0,0,0,0,0,0,0,0,0,0,0,0,0,0,0,0,25,0,0,0,0,0,0,0,0,0,0,0,0,0,0,0,0,0,0,0,0,0,0,0,0,0,0,0,0,0,0,0,0,0,0,0,0,0,0,0,0,0,0,0,0,0,0,0,0,0,0
22,2,0,123,0,34,691,0,951,0,479,66,0,826,0,0,0,313,390,205,180,0,0,4,0,66,17,274,0,0,255,293,0,29,0,0,0,18,0,0,19,0,0,96,0,167,0,75,0,0,0,0,0,94,0,0,0,0,0,0,0,0,0,0,0,0,0,0,0,0,0,0,0,0,0,0,0,0,0,0,0,4,0,0,0,0,0,0,0,16,0,0,0,0,0,0,0,0,0,0,0,0,0,0,0,0,0,0,0,0,0,0,0,0,0,0,0,0,0,0,0,0,0,0,0,0,0,0,0,0,0,0,0,0,0,0,0,0,0,0,0,0,0,0,0,0,0,0,0,0,0
22,5,1377,374,0,0,1667,178,93,0,490,129,0,209,309,422,0,0,41,70,6,183,0,0,0,127,135,120,0,0,55,0,64,0,0,0,0,0,0,0,0,0,0,74,0,0,83,0,80,0,0,0,0,90,0,0,0,0,0,0,0,0,0,0,0,0,0,0,0,0,0,0,0,0,0,0,0,0,0,0,0,0,0,0,0,0,0,0,0,14,0,0,0,0,0,0,0,0,0,0,0,0,0,0,0,0,0,0,0,0,0,0,0,0,0,0,0,0,0,0,0,0,0,0,0,0,0,0,0,0,0,0,0,0,0,0,0,0,0,0,0,0,0,0,0,0,0,0,0,0,0
22,6,805,153,0,51,16,83,521,0,828,131,0,1259,101,0,0,0,221,250,0,26,550,139,0,172,6,180,0,0,165,0,0,41,32,0,0,0,0,18,0,0,0,83,0,150,18,0,126,0,0,0,0,10,0,0,0,0,0,0,0,0,0,0,0,0,0,0,0,0,0,0,0,0,0,0,0,0,0,0,0,0,0,0,0,0,0,0,0,142,0,0,0,0,0,0,0,0,0,0,0,0,0,0,0,0,0,0,0,0,0,0,0,0,0,0,0,0,0,0,0,0,0,0,0,0,0,0,0,0,0,0,0,0,0,0,0,0,0,0,0,0,0,0,0,0,0,0,0,0,0
22,7,425,174,0,70,91,50,403,0,125,395,0,372,0,0,0,23,201,16,0,0,0,0,0,290,53,47,0,0,126,0,41,0,0,0,0,0,0,101,0,0,0,305,0,0,0,78,0,0,0,0,0,24,0,0,0,0,0,0,0,0,0,0,0,0,0,0,0,0,0,0,0,0,0,0,0,0,0,0,0,20,0,0,0,0,0,0,27,0,0,0,0,6,0,0,0,0,0,0,0,0,0,0,0,0,0,0,0,0,0,0,0,0,0,0,18,0,0,0,0,0,0,0,0,0,0,0,0,0,0,0,0,0,0,0,0,0,0,0,0,0,0,0,0,0,0,0,0,0,0
22,9,157,121,0,345,111,21,148,0,243,678,0,57,279,0,0,0,77,22,0,173,181,0,0,236,17,58,0,0,0,0,148,0,0,0,0,19,0,26,14,0,0,31,0,6,93,0,10,0,0,0,0,42,0,0,0,0,0,0,9,0,0,0,0,0,0,0,0,0,0,0,0,0,0,0,0,0,0,0,0,0,0,0,0,0,0,0,0,0,0,0,0,0,0,0,0,0,0,0,0,0,0,0,0,0,0,0,0,0,0,0,0,0,0,0,0,0,0,0,0,0,0,0,0,0,0,0,0,0,0,0,0,0,0,0,0,0,0,0,0,0,0,0,0,0,0,0,0,0,0
22,10,467,591,187,332,477,87,634,812,907,291,21,663,0,175,0,0,517,35,74,0,0,13,0,69,133,345,0,0,28,0,0,0,0,106,0,42,0,42,49,17,0,0,0,68,0,0,38,0,0,10,0,0,0,0,0,0,14,0,63,34,0,0,0,0,0,0,0,0,0,0,0,75,0,0,12,0,0,0,0,0,0,0,0,0,0,0,0,0,0,0,0,0,0,0,0,0,0,0,0,20,19,0,0,0,0,0,0,0,0,0,0,0,0,0,0,0,0,0,0,0,0,0,0,0,0,0,0,0,0,0,0,0,0,0,0,0,0,0,0,0,0,0,0,0,0,0,0,0,0
23,1,46,220,0,65,319,25,409,0,677,33,0,159,256,0,0,0,216,51,0,124,0,0,0,23,30,428,0,0,59,13,149,0,0,0,0,37,0,0,22,0,0,307,0,34,71,0,17,55,0,0,0,28,0,0,0,0,0,0,0,0,0,0,0,0,0,0,0,0,0,0,0,0,0,0,0,0,0,0,0,0,0,0,0,45,0,0,0,0,0,0,0,0,0,0,0,0,0,0,0,0,0,0,0,0,0,0,0,0,0,0,0,0,0,0,0,0,0,0,34,0,0,0,0,0,0,0,0,0,17,17,0,0,0,0,0,0,0,0,0,0,0,0,0,0,0,0,0,0,0
23,2,303,227,0,301,244,145,59,0,74,117,0,354,77,0,0,0,17,86,11,38,343,0,0,16,215,656,0,0,33,0,200,0,8,0,0,0,0,0,0,0,0,44,0,0,11,0,188,0,0,0,0,0,0,0,0,0,0,0,22,0,0,0,0,0,0,0,0,0,0,0,0,0,0,0,0,0,0,0,0,0,0,0,0,0,0,0,0,0,0,0,0,0,0,0,0,0,0,0,0,0,0,0,0,0,0,0,0,0,0,0,0,69,0,0,0,0,0,0,0,0,0,0,0,0,0,0,0,0,0,0,0,0,0,0,0,0,0,0,0,0,0,0,0,0,0,0,0,0,0
23,3,646,104,0,0,107,0,341,0,20,61,0,664,172,0,0,0,128,0,309,98,134,0,0,77,168,358,0,0,151,19,39,0,0,0,0,0,0,0,0,0,0,0,0,0,41,0,31,0,0,0,0,0,0,0,0,0,0,0,0,0,0,0,0,0,0,0,0,0,0,0,0,0,0,0,0,0,0,0,0,0,0,0,0,0,0,0,0,0,0,0,0,0,0,0,0,0,0,0,0,0,0,0,0,0,0,0,0,0,0,0,0,0,0,0,0,0,0,0,0,0,0,0,0,0,0,0,0,0,0,0,0,0,0,0,0,0,0,0,0,0,0,0,0,0,0,0,0,0,0
23,4,696,69,0,721,351,181,0,0,951,53,0,267,182,0,0,0,0,0,0,202,3,0,0,28,10,240,0,0,34,29,36,6,53,0,0,122,0,5,201,0,0,66,0,0,49,0,140,0,0,0,0,193,0,0,0,0,0,0,12,0,0,0,0,0,0,0,0,0,0,0,0,0,0,0,0,0,0,0,0,0,0,0,0,0,0,0,0,0,0,0,0,0,0,0,0,0,0,0,0,0,0,0,0,0,0,0,0,0,0,0,0,0,0,0,0,0,0,0,0,0,0,0,0,0,0,0,0,0,0,0,0,0,0,0,0,0,0,9,0,0,0,0,0,0,0,0,0,0,0
23,5,62,11,0,1337,665,522,191,0,633,0,0,474,103,0,0,0,139,370,0,68,0,0,0,187,189,583,0,0,93,24,0,0,0,0,52,42,0,26,15,0,0,56,0,0,35,0,15,0,0,0,0,86,0,0,0,0,0,0,0,0,0,0,0,0,0,0,0,0,0,0,0,0,0,0,0,0,0,0,0,0,0,0,0,0,0,0,0,0,0,0,0,0,0,0,0,0,0,0,26,0,0,0,0,0,0,0,0,0,0,0,0,0,0,0,0,0,0,0,0,0,0,0,0,0,0,0,0,0,0,0,0,0,0,0,0,0,0,0,0,0,0,0,0,0,0,0,0,0,0
23,6,891,0,38,385,394,618,850,0,377,767,0,249,81,0,0,88,444,8,73,55,0,11,0,193,33,824,0,0,192,0,0,0,27,0,75,0,0,47,0,0,0,0,0,0,24,0,14,0,0,0,0,0,0,0,0,0,0,0,0,0,24,0,0,0,0,0,0,0,0,0,0,0,0,18,0,0,0,0,0,0,0,0,0,37,0,0,0,0,0,0,0,0,0,0,0,0,0,0,0,0,0,0,0,0,0,0,0,0,0,12,0,0,0,0,0,0,0,0,0,0,0,0,0,0,0,0,0,0,0,0,0,0,0,0,0,0,0,0,0,0,0,0,0,0,0,0,0,0,0
23,7,230,99,66,143,970,327,206,0,175,127,0,25,214,0,0,0,117,55,65,165,0,53,0,32,33,43,0,0,103,12,26,0,0,0,8,21,0,284,15,0,0,0,0,0,51,0,47,0,0,27,15,0,0,0,0,0,0,0,18,0,0,0,0,0,0,0,0,0,0,0,0,0,0,0,0,0,0,0,0,0,0,0,0,0,0,0,0,0,0,0,0,15,0,0,0,0,0,0,0,0,0,0,0,0,0,0,0,0,0,0,0,0,0,21,0,0,0,0,0,0,0,0,0,0,0,0,0,0,0,0,0,16,0,0,0,0,0,0,0,0,0,0,0,0,0,0,0,0,0
24,2,0,0,0,97,1637,84,227,0,249,40,0,0,345,0,0,0,86,0,0,89,448,0,0,0,0,119,0,0,78,0,0,0,0,0,40,0,0,22,6,0,0,0,0,0,112,0,22,0,0,0,0,30,0,0,0,0,0,0,0,0,0,0,0,0,0,0,0,0,0,0,0,0,0,0,0,0,0,0,0,0,0,0,0,0,0,0,0,0,0,0,0,0,0,0,0,0,0,0,0,0,0,0,0,0,0,0,0,0,0,0,0,0,0,0,0,0,0,0,0,0,0,0,0,0,0,0,0,0,0,0,0,0,0,0,0,0,0,0,0,0,0,0,0,0,0,0,0,0,0
24,3,0,0,0,46,81,15,476,0,37,8,0,0,867,0,0,0,198,0,216,315,31,9,0,0,0,7,0,0,95,7,0,0,0,0,0,0,0,0,0,0,35,0,0,0,190,0,93,0,0,0,0,0,0,0,0,0,0,0,0,0,0,0,0,0,0,0,0,0,0,0,0,0,0,0,0,0,0,0,0,0,0,0,0,0,0,0,0,0,0,0,0,0,0,0,0,0,0,0,0,0,0,0,0,0,0,0,0,0,0,0,0,0,0,0,0,0,0,0,0,0,0,0,0,0,0,0,0,0,0,0,0,0,0,0,0,0,0,0,0,0,0,0,0,0,0,0,0,0,0
24,4,0,0,0,337,0,97,696,0,38,6,0,0,985,0,0,0,199,0,59,376,27,0,0,95,11,0,0,0,82,0,0,0,0,0,0,0,0,241,0,0,73,0,0,0,171,0,7,0,0,0,0,0,0,0,0,0,0,0,0,0,0,0,0,0,0,0,0,0,0,0,0,0,0,0,0,0,0,0,0,0,0,0,0,0,0,0,0,0,0,0,0,0,0,0,0,0,0,0,0,0,0,0,0,0,0,0,0,0,0,0,0,0,0,0,0,0,0,0,0,0,0,0,0,0,0,0,0,0,0,0,0,0,0,0,0,0,0,0,0,0,0,0,0,0,0,0,0,0,0
24,5,0,0,0,1232,27,96,323,0,6,0,0,0,1400,0,0,0,119,0,0,343,380,82,0,0,10,1436,0,0,63,0,0,0,0,0,0,0,0,15,0,0,0,0,0,0,330,0,331,0,0,0,0,0,0,0,0,0,0,0,0,0,0,0,0,0,0,0,0,0,0,0,0,0,0,0,0,0,0,0,0,0,0,0,0,0,0,0,0,0,0,0,0,0,0,0,0,196,0,0,0,0,0,0,0,0,0,0,0,0,0,0,0,0,0,0,0,0,0,0,0,0,0,0,27,0,0,0,0,0,0,0,0,0,0,0,0,0,0,0,0,0,0,0,0,0,0,0,0,0,0
24,6,0,0,0,78,161,339,1533,13,44,25,0,53,581,0,0,0,658,9,0,148,1677,0,0,0,9,217,0,0,242,0,0,0,0,0,0,0,0,0,0,0,0,0,0,0,160,0,60,0,0,0,0,0,0,0,0,0,0,0,0,0,0,0,0,0,0,0,0,0,0,0,0,0,0,0,0,0,0,0,0,0,0,0,0,16,0,0,0,0,0,0,0,0,0,0,0,0,0,0,22,0,0,0,0,0,0,0,0,0,0,0,0,0,0,0,0,0,0,0,0,0,0,0,0,0,0,0,0,0,0,0,0,0,0,0,0,0,0,0,0,0,0,0,0,0,0,0,0,0,0
24,8,0,0,0,0,51,16,1025,0,139,16,0,72,502,0,22,0,496,0,0,242,165,0,0,0,0,0,0,8,218,0,0,0,86,0,0,0,0,19,0,0,59,0,0,0,45,0,66,0,0,0,0,0,0,0,0,0,0,0,0,0,0,0,0,0,0,0,0,0,0,0,0,0,8,0,0,0,0,0,0,0,0,0,0,0,0,0,0,24,0,7,0,0,0,0,0,0,0,0,0,0,0,0,0,0,0,0,0,0,0,0,0,0,0,0,0,0,0,0,0,0,0,0,0,0,0,0,0,0,0,0,0,0,0,0,0,0,0,0,0,0,0,0,0,0,0,0,0,0,0
24,10,0,86,0,77,251,0,1031,0,0,17,0,21,257,0,0,0,632,25,0,26,0,0,0,0,0,154,0,0,228,0,0,47,87,0,0,0,0,0,0,0,0,23,0,0,39,0,0,0,0,0,0,0,0,0,0,0,0,0,0,0,0,0,0,0,0,0,0,0,0,0,0,0,0,0,0,0,0,0,0,0,0,0,0,0,0,0,0,0,0,0,0,0,0,0,0,0,0,0,42,0,0,0,0,0,0,0,0,0,0,0,0,0,0,0,0,0,0,0,0,0,0,0,0,0,0,0,0,0,0,0,0,0,0,0,0,0,0,0,0,0,0,0,0,0,0,0,0,0,0
25,1,201,302,9,18,77,153,545,0,263,111,0,128,0,0,101,73,363,383,0,0,666,0,0,0,227,0,0,0,120,6,0,25,17,0,56,0,0,48,0,0,0,0,0,14,0,0,381,0,0,0,0,0,0,0,0,0,0,0,0,0,0,0,0,0,0,0,0,0,0,0,0,0,0,0,9,0,0,0,0,0,0,0,0,35,0,0,0,0,0,0,0,19,0,0,0,0,0,0,0,0,0,0,0,0,0,0,0,0,0,0,0,0,0,0,0,0,0,0,0,0,0,0,0,0,0,0,0,0,0,0,0,0,0,0,0,0,0,0,0,0,0,0,0,0,0,0,0,0,0
25,2,918,188,92,25,196,45,233,0,250,97,0,443,10,0,0,51,75,115,0,6,150,204,0,0,63,0,0,0,43,161,0,0,10,0,42,0,0,0,0,0,0,0,0,0,0,0,0,0,0,0,0,0,0,0,0,0,0,0,0,0,0,0,0,0,0,0,0,0,0,0,0,0,0,0,0,0,0,13,0,0,0,0,0,107,0,0,0,0,0,0,0,0,0,0,0,0,0,0,0,0,0,0,0,0,0,0,0,0,0,0,0,0,0,0,0,0,0,0,0,0,0,0,0,0,0,0,0,0,0,0,0,0,0,0,0,0,0,0,0,0,0,0,0,0,0,0,0,0,0
25,3,676,530,105,148,16,422,44,0,287,305,0,193,11,0,286,75,34,0,0,14,0,561,0,0,24,0,0,0,0,120,0,39,112,0,45,0,0,34,0,0,0,0,0,0,8,0,0,0,0,0,0,0,79,20,0,0,0,0,0,0,0,0,0,0,0,0,0,0,0,0,0,0,0,0,0,0,0,0,0,0,0,0,0,21,0,0,0,0,0,0,0,10,16,0,0,0,0,0,0,0,0,0,0,0,0,0,0,0,0,0,0,0,0,0,0,0,0,0,0,0,0,0,0,0,0,0,0,0,0,0,0,0,0,0,0,0,0,0,0,0,0,0,0,0,0,0,0,0,0
25,4,333,0,73,0,158,45,221,0,1356,428,0,351,82,0,612,183,103,53,0,34,0,0,0,0,161,0,0,0,103,0,0,0,31,0,50,0,0,0,0,0,0,0,0,0,14,0,157,0,0,0,437,143,0,0,0,0,0,0,0,0,0,0,0,0,0,0,0,0,0,0,0,0,0,0,0,0,0,0,0,0,0,3,0,0,0,0,0,0,0,0,0,0,0,0,0,0,0,0,0,0,0,0,0,0,0,0,0,0,0,0,0,0,0,0,0,0,0,0,0,0,0,0,0,0,0,0,0,0,0,0,0,0,0,0,0,0,0,0,0,0,0,0,0,0,0,0,0,0,0
25,5,517,644,0,100,47,0,683,0,432,856,0,431,166,0,22,87,375,453,143,96,12,0,0,0,43,0,0,0,218,40,0,0,0,0,59,0,0,119,0,0,0,0,0,0,25,0,307,0,0,0,0,0,0,0,0,0,0,0,0,0,0,0,0,0,0,0,0,0,0,0,0,0,0,0,0,0,0,0,0,0,0,0,0,149,0,0,0,0,0,0,0,0,0,0,0,0,0,0,0,13,0,0,0,0,0,0,0,0,0,0,0,0,0,0,0,0,0,0,0,0,0,0,0,0,0,0,0,0,0,0,0,0,0,0,0,0,0,0,0,0,0,0,5,0,0,0,0,0,0
25,6,760,356,179,531,39,194,307,0,571,791,0,963,57,0,0,57,161,230,0,42,0,92,0,5,384,0,0,0,119,185,0,15,72,0,106,0,0,0,0,0,0,0,0,0,13,0,277,0,0,0,0,23,0,0,0,0,0,0,0,0,0,0,0,0,0,0,0,0,0,0,0,0,0,0,0,0,0,0,0,0,0,0,0,0,0,0,0,0,0,0,0,0,0,0,0,0,0,0,0,0,0,0,0,0,0,0,0,0,0,0,0,0,0,0,0,0,0,0,0,0,0,0,0,0,0,0,0,0,0,0,7,0,0,0,0,0,0,0,0,0,0,0,0,0,0,0,0,0,0
25,10,164,0,35,0,682,112,235,0,326,1609,0,270,78,0,21,227,139,68,0,17,61,0,0,9,215,0,0,0,76,0,0,0,0,0,34,0,0,9,0,0,0,0,0,0,31,0,205,0,0,0,0,31,0,0,0,0,0,0,0,0,0,0,0,0,0,0,0,0,0,0,0,0,0,0,0,0,0,0,0,0,0,11,0,0,0,0,0,0,0,0,0,0,0,0,0,0,0,0,0,0,0,0,0,0,0,0,0,0,0,0,0,0,0,0,0,0,0,0,0,0,0,0,0,0,0,0,0,0,0,0,0,0,0,0,0,0,0,0,0,0,0,0,0,0,0,0,0,0,0
