site_key,sample,otu_1,otu_2,otu_3,otu_4,otu_5,otu_6,otu_7,otu_8,otu_9,otu_10,otu_11,otu_12,otu_13,otu_14,otu_15,otu_16,otu_17,otu_18,otu_19,otu_20,otu_21,otu_22,otu_23,otu_24,otu_25,otu_26,otu_27,otu_28,otu_29,otu_30,otu_31,otu_32,otu_33,otu_34,otu_35,otu_36,otu_37,otu_38,otu_39,otu_40,otu_41,otu_42,otu_43,otu_44,otu_45,otu_46,otu_47,otu_48,otu_49,otu_50,otu_51,otu_52,otu_53,otu_54,otu_55,otu_56,otu_57,otu_58,otu_59,otu_60,otu_61,otu_62,otu_63,otu_64,otu_65,otu_66,otu_67,otu_68,otu_69,otu_70,otu_71,otu_72,otu_73,otu_74,otu_75,otu_76,otu_77,otu_78,otu_79,otu_80,otu_81,otu_82,otu_83,otu_84,otu_85,otu_86,otu_87,otu_88,otu_89,otu_90,otu_91,otu_92,otu_93,otu_94,otu_95,otu_96,otu_97,otu_98,otu_99,otu_100,otu_101,otu_102,otu_103,otu_104,otu_105,otu_106,otu_107,otu_108,otu_109,otu_110,otu_111,otu_112,otu_113,otu_114,otu_115,otu_116,otu_117,otu_118,otu_119,otu_120,otu_121,otu_122,otu_123,otu_124,otu_125,otu_126,otu_127,otu_128,otu_129,otu_130,otu_131,otu_132,otu_133,otu_134,otu_135,otu_136,otu_137,otu_138,otu_139,otu_140,otu_141,otu_142,otu_143,otu_144,otu_145,otu_146,otu_147
1,1,78,122,34,0,209,70,49,91,0,8,0,0,52,0,0,7,79,0,0,26,0,0,0,51,20,0,0,0,42,0,0,9,0,12,0,0,0,0,0,0,0,0,0,0,13,0,0,0,67,0,0,0,0,0,15,0,0,0,0,0,42,0,0,0,0,0,0,10,13,0,0,19,0,11,0,9,0,0,0,0,0,12,0,0,0,0,0,0,0,0,0,0,0,0,0,0,0,0,0,0,0,0,0,0,0,0,0,0,0,0,0,0,0,0,0,0,0,0,0,0,0,0,0,0,0,0,0,0,0,0,0,0,0,0,0,0,0,0,0,0,0,0,0,0,0,0,0
1,2,23,55,108,69,300,73,24,38,16,0,0,0,3,0,66,0,14,0,0,5,0,0,0,0,9,0,0,23,4,0,0,0,0,0,3,0,7,0,0,0,0,0,0,0,6,0,0,264,24,0,0,0,0,0,0,0,0,1,0,0,0,0,0,0,0,0,0,4,26,0,0,0,0,0,0,0,0,0,0,0,0,0,0,0,0,0,0,0,0,0,0,0,0,0,0,0,0,0,0,0,0,5,0,0,0,0,0,0,0,0,0,0,0,0,0,0,0,0,0,0,0,0,0,0,0,0,0,0,0,0,0,0,0,0,0,0,0,0,0,0,0,0,0,0,0,0,0
1,4,6,76,9,0,141,2,64,257,0,0,298,0,0,0,0,0,15,0,68,0,0,0,0,0,0,0,0,0,12,0,0,0,0,34,0,0,101,0,0,0,0,0,0,6,0,0,0,0,4,0,0,0,0,0,0,0,0,9,0,0,27,0,0,0,0,0,0,0,18,0,0,0,0,14,0,9,0,0,0,0,0,0,0,0,0,0,0,0,0,0,0,0,0,0,0,0,0,0,0,0,0,0,0,0,0,0,0,0,0,0,0,0,0,0,0,0,0,0,0,0,0,0,0,0,0,0,0,0,0,0,0,0,0,0,0,0,0,0,0,0,0,0,0,0,0,0,0
1,5,0,0,169,11,204,69,168,9,0,4,0,0,0,0,4,2,38,4,0,0,0,0,31,0,0,0,0,62,24,0,0,0,0,0,0,0,0,0,0,0,0,0,0,0,0,0,0,129,39,0,0,0,0,0,0,0,72,0,0,0,0,0,0,0,0,3,0,6,87,0,0,0,0,0,0,0,0,0,0,0,0,9,0,0,15,0,0,0,0,0,0,0,0,0,0,0,0,0,0,0,0,0,0,0,0,0,0,0,0,0,0,0,0,0,0,0,0,0,0,0,0,0,0,0,0,6,0,0,5,0,0,0,0,0,0,0,0,0,0,0,0,0,0,0,0,0,0
1,7,25,61,137,0,256,56,9,78,0,0,56,0,29,0,78,0,8,0,0,15,0,0,8,13,0,0,0,21,0,16,0,16,0,0,0,0,0,0,0,0,0,0,0,0,6,0,0,63,64,0,0,0,0,0,0,0,0,0,0,0,0,0,0,0,0,0,0,20,6,0,0,0,0,0,0,6,0,0,0,0,0,0,0,0,24,0,0,0,0,0,0,0,0,0,0,0,0,0,0,0,0,97,0,0,0,0,0,0,0,0,2,0,0,0,0,0,0,0,0,0,0,0,0,0,0,0,0,0,0,0,0,0,0,0,0,0,0,0,0,0,0,0,0,0,0,0,0
1,8,55,200,44,0,35,10,28,304,10,37,0,3,0,0,14,0,4,0,0,0,0,0,0,0,1,0,0,0,11,0,0,0,0,44,1,0,0,74,0,0,0,0,0,10,0,0,0,50,6,3,0,0,0,80,0,0,0,0,0,0,0,0,47,0,0,0,0,0,11,56,0,0,0,0,0,0,0,7,0,0,0,0,0,0,6,0,0,0,0,0,0,0,0,0,0,0,0,0,0,15,0,0,0,0,0,0,0,0,0,0,0,0,0,0,0,0,0,0,0,0,0,0,0,0,0,0,0,0,0,0,0,0,0,0,0,0,0,0,0,0,0,0,4,0,0,0,0
1,10,56,163,88,0,267,11,3,66,0,14,152,0,0,0,34,0,7,0,0,0,0,0,0,0,0,0,0,27,0,0,0,0,0,11,0,0,0,0,0,0,0,0,0,0,0,0,0,75,130,0,0,0,0,1,0,0,0,0,0,0,5,0,0,0,0,0,0,25,4,0,0,0,0,3,0,0,0,0,0,0,0,0,0,0,17,0,0,0,0,0,0,0,7,0,0,0,0,0,0,0,0,4,0,0,0,0,0,0,0,0,0,0,0,0,0,0,0,0,0,0,0,0,0,0,0,0,0,0,0,0,0,0,0,0,0,0,0,0,0,0,0,0,0,0,0,0,0
2,1,244,0,490,0,62,57,7,0,55,6,0,0,7,0,29,41,2,65,0,6,0,0,0,8,16,0,0,0,7,0,0,0,0,0,2,0,0,0,0,0,0,0,0,0,1,0,0,0,0,0,0,7,0,0,0,0,5,0,0,0,0,0,0,0,0,0,0,0,0,0,0,0,0,0,0,0,0,2,0,0,0,36,0,0,0,0,0,0,0,12,0,0,0,0,0,0,0,2,0,0,0,0,0,0,0,0,0,0,0,0,1,0,0,0,0,0,0,0,0,0,0,0,0,0,0,0,0,0,0,0,0,0,0,0,0,0,0,0,0,0,0,0,0,0,0,0,0
2,2,150,6,478,0,313,19,37,0,5,41,0,0,1,0,0,36,14,6,0,6,0,0,3,0,9,11,0,0,14,0,0,0,0,0,0,0,0,0,0,0,0,0,0,0,1,0,0,0,0,0,0,0,0,0,0,0,0,0,0,0,0,0,0,0,0,0,0,0,0,0,0,0,0,0,0,0,0,0,0,0,0,13,0,0,0,0,0,0,0,0,0,0,0,0,0,0,0,7,0,0,0,0,0,0,0,0,0,0,0,0,0,0,0,0,0,0,0,0,0,0,0,0,0,0,0,0,0,0,0,0,0,0,0,0,0,0,0,0,0,0,0,0,0,0,0,0,0
2,3,115,7,16,0,77,145,25,0,76,99,0,18,13,0,126,145,23,6,0,6,0,0,0,43,8,0,0,0,20,0,0,122,0,0,8,21,0,0,17,0,0,9,0,0,4,0,12,0,0,0,0,2,0,0,0,0,0,0,0,0,0,0,0,0,0,0,0,0,0,0,0,0,0,0,0,0,0,0,0,0,0,0,0,0,0,0,0,0,0,0,0,7,0,0,0,0,0,0,0,0,0,0,0,0,0,0,0,0,0,0,0,0,0,0,0,0,0,0,0,0,0,0,0,0,0,0,0,0,0,0,0,0,0,0,0,0,0,0,0,0,0,0,0,0,0,0,0
2,4,77,3,280,0,83,30,24,0,53,26,0,0,0,0,290,48,20,35,0,0,0,0,0,50,8,0,0,0,7,0,0,67,0,0,13,10,0,0,0,0,0,0,0,0,0,0,0,0,0,0,0,0,0,0,0,0,0,0,0,0,0,0,0,0,0,0,0,0,0,0,0,0,0,0,0,0,0,0,0,0,0,23,0,23,0,0,0,0,0,0,0,0,0,0,0,0,0,0,0,0,0,0,0,0,0,0,0,0,0,0,0,0,0,0,0,0,0,0,0,0,0,0,0,0,0,0,0,0,0,0,0,0,0,0,0,0,0,0,0,0,0,0,0,0,0,0,0
2,5,74,0,436,0,254,8,0,0,56,20,0,0,0,0,142,8,3,56,0,0,0,0,0,15,44,25,0,0,0,0,0,0,0,0,12,3,0,0,7,0,0,0,0,0,0,0,0,0,0,0,0,0,0,0,0,0,0,0,0,0,0,0,0,0,0,0,0,0,0,0,0,0,0,0,0,0,0,0,0,0,0,0,0,7,0,0,0,0,0,0,0,0,0,0,0,0,0,0,0,0,0,0,0,0,0,0,0,0,0,0,0,0,0,0,0,0,0,0,0,0,0,0,0,0,0,0,0,0,0,0,0,0,0,0,0,0,0,0,0,0,0,0,0,0,0,0,0
2,6,0,0,294,0,126,57,7,0,49,3,0,34,0,0,59,11,3,83,0,1,0,0,0,32,70,0,0,0,0,0,0,0,0,0,11,34,0,8,14,0,0,18,0,0,0,199,0,0,0,0,0,0,0,0,0,0,0,0,0,0,0,0,0,0,0,0,0,0,0,0,0,0,0,0,0,0,0,0,0,41,0,0,0,0,0,0,0,0,0,0,0,0,0,0,0,0,0,0,4,6,0,0,0,0,0,0,0,0,0,0,0,0,0,0,6,0,0,0,0,0,0,0,0,0,0,0,0,0,0,0,0,0,0,0,0,0,0,0,0,0,0,0,0,0,0,0,0
2,7,294,0,176,0,130,4,0,0,13,68,0,6,0,0,266,54,0,10,0,0,0,0,0,59,26,22,0,0,0,0,0,11,0,1,0,5,0,0,3,0,0,9,0,2,0,0,0,0,0,0,0,0,0,0,0,0,0,0,0,3,0,0,0,0,0,0,0,0,0,0,0,0,0,0,0,0,0,0,0,0,0,0,0,0,0,0,0,0,0,6,0,0,0,0,0,0,0,2,0,0,0,0,0,0,0,0,0,0,0,0,0,0,0,0,0,0,0,0,0,0,0,0,0,0,0,0,0,0,0,0,0,0,0,0,0,0,0,0,0,0,0,0,0,0,0,0,0
2,8,73,0,273,0,30,21,76,0,48,63,0,32,2,0,38,39,63,47,0,4,0,0,11,28,0,32,0,0,24,0,0,0,0,0,5,0,0,0,0,0,0,0,0,0,0,220,0,0,0,0,0,4,0,0,0,0,0,0,0,0,0,0,0,0,0,0,0,0,0,0,0,0,0,0,0,0,0,0,0,37,0,0,0,0,0,0,0,0,0,0,0,0,0,0,0,0,0,0,0,0,0,0,0,0,0,0,0,0,0,0,0,0,0,0,0,0,0,0,0,0,0,0,0,0,0,0,0,0,0,0,0,0,0,0,0,0,0,0,0,0,0,0,0,0,0,0,0
2,9,87,0,148,0,225,47,0,0,0,22,0,9,9,0,0,11,0,0,0,9,0,0,0,11,50,37,0,0,0,0,0,191,0,0,0,147,0,0,65,0,0,4,0,0,1,0,77,0,0,0,0,0,0,0,0,0,0,0,0,0,0,0,0,0,0,0,0,0,0,0,0,0,0,0,0,0,0,0,0,0,0,0,0,0,0,0,0,0,0,20,0,0,0,0,0,0,0,0,0,0,0,0,0,0,0,0,0,0,0,0,0,0,0,0,0,0,0,0,0,0,0,0,0,0,0,0,0,0,0,0,0,0,0,0,0,0,0,0,0,0,0,0,0,0,0,0,0
2,10,267,3,80,0,111,42,9,0,89,52,0,49,13,0,204,99,1,44,0,6,0,0,0,16,21,0,0,0,1,5,4,0,0,0,11,0,0,0,0,0,0,36,0,0,6,0,0,0,0,0,0,0,0,0,0,0,0,0,0,0,0,0,0,0,0,0,0,0,0,0,0,0,0,0,0,0,0,0,0,0,0,0,0,0,0,0,0,0,0,0,0,1,0,0,0,0,0,0,0,0,0,0,0,0,0,0,0,0,0,0,0,0,0,0,0,0,0,0,0,0,0,0,0,0,0,0,0,0,0,0,0,0,0,0,0,0,0,0,0,0,0,0,0,0,0,0,0
3,1,7,0,0,342,337,20,18,0,0,0,0,0,41,0,0,0,1,0,0,29,325,0,0,0,1,0,0,0,0,0,0,0,0,0,0,0,0,0,0,0,9,0,0,0,5,0,0,0,0,0,0,0,0,0,0,6,0,0,0,0,0,0,0,0,0,0,0,0,0,0,0,0,29,0,0,0,0,0,0,0,0,0,0,0,0,0,0,0,0,0,0,0,0,0,0,0,0,0,0,0,0,0,0,0,0,0,0,0,0,0,0,0,0,0,0,0,0,0,0,0,0,0,0,0,0,0,0,0,0,0,0,0,0,0,0,0,0,0,0,0,0,0,0,0,0,0,0
3,2,3,0,0,680,19,50,6,0,0,0,0,0,162,0,0,0,0,0,0,84,97,0,0,0,0,0,0,0,4,0,0,0,0,0,0,0,0,0,0,0,41,0,0,0,17,0,0,0,0,0,0,0,0,0,0,0,0,0,0,0,0,0,0,0,0,0,0,0,0,0,0,0,7,0,0,0,0,0,0,0,0,0,0,0,0,0,0,0,0,0,0,0,0,0,0,0,0,0,0,0,0,0,0,0,0,0,0,0,0,0,0,0,0,0,0,0,0,0,0,0,0,0,0,0,0,0,0,0,0,0,0,0,0,0,0,0,0,0,0,0,0,0,0,0,0,0,0
3,3,0,0,0,405,66,4,13,0,0,0,0,0,111,0,0,0,23,0,0,15,478,0,0,0,0,0,0,0,16,0,0,0,0,0,0,0,0,0,0,0,6,0,0,0,18,0,0,0,0,0,0,0,0,0,0,0,0,0,0,0,0,0,0,6,0,0,0,0,0,0,0,0,0,0,0,0,0,0,0,0,0,0,0,0,0,0,0,0,0,0,0,0,0,0,9,0,0,0,0,0,0,0,0,0,0,0,0,0,0,0,0,0,0,0,0,0,0,0,0,0,0,0,0,0,0,0,0,0,0,0,0,0,0,0,0,0,0,0,0,0,0,0,0,0,0,0,0
3,4,2,0,0,42,45,0,68,0,9,0,0,4,239,0,0,0,8,0,10,87,210,0,0,0,0,0,0,0,27,0,0,0,17,0,0,132,0,0,95,0,7,0,0,0,63,0,0,0,0,0,0,0,0,0,13,20,0,0,0,0,0,0,0,0,0,0,0,0,0,0,0,0,38,0,0,0,0,0,0,0,7,0,0,0,0,0,0,0,0,0,0,0,0,0,27,0,0,0,0,0,0,0,0,0,0,0,0,0,0,0,0,0,0,0,0,0,0,0,0,0,0,0,0,0,0,0,0,0,0,0,0,0,0,0,0,0,0,0,0,0,0,0,0,0,0,0,0
3,5,0,0,3,53,0,10,135,0,31,4,0,7,143,0,0,0,44,0,9,69,512,0,0,0,0,0,0,0,22,0,0,0,23,0,0,6,0,0,0,0,0,0,0,0,50,0,0,0,0,0,0,0,0,0,0,24,0,0,0,0,0,0,0,0,0,0,0,0,0,0,0,0,25,0,0,0,0,0,0,0,0,0,0,0,0,0,0,0,0,0,0,0,0,0,0,0,0,0,0,0,0,0,0,0,0,0,0,0,0,0,0,0,0,0,0,0,0,0,0,0,0,0,0,0,0,0,0,0,0,0,0,0,0,0,0,0,0,0,0,0,0,0,0,0,0,0,0
3,6,0,91,1,0,0,52,136,0,0,1,0,0,160,0,0,0,30,0,115,90,240,5,3,0,0,0,0,0,66,0,0,0,57,0,0,0,0,40,0,0,40,0,0,0,15,0,0,0,0,0,0,0,0,0,0,0,0,0,0,0,0,0,0,0,0,0,0,0,0,0,0,0,0,0,0,0,0,0,0,0,0,0,0,0,0,0,0,0,0,0,0,0,0,0,28,0,0,0,0,0,0,0,0,0,0,0,0,0,0,0,0,0,0,0,0,0,0,0,0,0,0,0,0,0,0,0,0,0,0,0,0,0,0,0,0,0,0,0,0,0,0,0,0,0,0,0,0
3,7,0,7,0,0,3,5,94,0,50,0,0,0,183,0,0,0,33,0,5,71,488,7,0,0,0,0,0,0,10,0,45,0,18,0,1,2,0,0,0,0,37,0,0,0,28,0,0,0,0,0,0,3,0,0,0,7,0,0,0,5,0,0,0,0,0,0,0,0,0,0,0,0,57,0,0,0,0,0,0,0,0,0,0,0,0,0,0,0,0,0,0,0,0,0,4,0,0,0,0,0,0,0,0,0,0,0,0,0,0,0,0,7,0,0,0,0,0,0,0,0,0,0,0,0,0,0,0,0,0,0,0,0,0,0,0,0,0,0,0,0,0,0,0,0,0,0,0
3,8,0,3,8,3,13,9,18,0,86,9,0,0,288,0,0,0,17,0,211,66,169,9,0,0,0,5,0,0,14,0,0,0,7,0,0,102,0,0,0,0,5,0,0,0,55,0,0,0,0,0,0,0,0,0,0,53,0,0,0,0,0,0,0,0,0,0,0,0,0,0,0,0,14,0,0,0,0,0,0,0,0,0,0,0,0,0,0,0,0,0,0,0,0,0,0,0,0,0,0,0,0,0,0,0,0,0,0,0,0,0,0,0,0,0,0,0,0,0,0,0,0,0,0,6,0,0,0,0,0,0,0,0,0,0,0,0,0,0,0,0,0,0,0,0,0,0,0
3,9,0,2,0,1,16,20,191,0,0,0,0,0,147,0,0,0,75,0,106,110,120,0,0,0,0,0,0,0,61,0,0,0,0,0,0,0,0,0,0,0,23,0,0,0,6,0,0,0,0,0,0,0,0,0,17,272,0,0,0,0,0,0,0,0,0,0,0,0,0,0,0,0,3,0,0,0,0,0,0,0,0,0,0,0,0,0,0,0,0,0,0,0,0,0,0,0,0,0,0,0,0,0,0,0,0,0,0,0,0,0,0,0,0,0,0,0,0,0,0,0,0,0,0,0,0,0,0,0,0,0,0,0,0,0,0,0,0,0,0,0,0,0,0,0,0,0,0
3,10,0,13,0,18,68,83,0,0,53,0,0,0,250,0,0,0,0,0,87,106,312,0,0,0,0,0,0,0,0,0,0,0,12,0,0,0,0,0,0,0,124,0,0,0,0,0,0,0,0,0,0,0,0,0,19,18,0,0,0,0,0,0,0,0,0,0,0,0,0,0,0,0,7,0,0,0,0,0,0,0,0,0,0,0,0,0,0,0,0,0,0,0,0,0,0,0,0,0,0,0,0,0,0,0,0,0,0,0,0,0,0,0,0,0,0,0,0,0,0,0,0,0,0,0,0,0,0,0,0,0,0,0,0,0,0,0,0,0,0,0,0,0,0,0,0,0,0
4,1,105,118,0,19,6,13,0,73,64,74,33,7,93,0,0,0,4,0,7,60,261,0,0,0,0,0,0,0,7,0,0,0,0,22,0,0,0,0,0,0,0,0,0,0,16,0,0,0,0,0,0,7,116,0,0,0,0,0,0,0,0,0,0,0,0,0,0,0,0,0,5,0,0,0,27,0,0,0,0,0,0,0,0,0,0,0,0,0,0,0,0,0,0,0,30,0,0,0,0,0,0,0,0,0,0,0,0,0,0,0,0,0,0,0,0,0,0,0,0,0,0,0,0,0,3,0,0,0,0,0,0,0,0,0,0,0,0,0,0,0,0,0,0,0,0,0,0
4,2,126,19,0,0,18,84,0,70,412,19,132,3,31,0,0,0,0,0,0,6,61,0,0,0,5,0,0,0,0,0,11,0,0,0,23,0,0,0,0,0,0,0,0,2,10,0,0,0,0,0,0,3,0,0,64,0,0,0,0,0,0,0,0,15,0,0,0,0,0,0,0,0,0,0,0,0,0,0,0,0,35,0,9,0,0,0,0,0,0,0,0,0,0,0,12,0,0,0,0,0,0,0,0,0,0,0,0,0,0,0,0,0,0,0,0,0,0,0,0,0,0,0,0,0,0,0,0,0,0,0,0,0,0,0,0,0,0,0,0,0,0,0,0,0,0,0,0
4,3,78,9,0,22,34,33,0,33,324,22,0,80,5,0,0,0,0,28,17,2,16,0,0,2,6,0,0,0,0,0,64,0,0,0,0,0,0,0,0,0,0,0,0,12,4,0,0,0,0,0,176,58,0,0,98,0,0,0,0,0,0,0,0,21,0,0,0,0,0,0,0,0,0,0,0,0,0,0,0,0,26,0,0,0,0,0,0,0,0,0,0,0,0,0,0,0,0,0,0,0,0,0,0,0,0,0,0,0,0,0,0,0,0,0,0,0,0,0,0,0,0,0,0,0,0,0,0,0,0,0,0,0,0,0,0,0,0,0,0,0,0,0,0,0,0,0,0
4,4,290,16,0,0,7,29,16,67,159,276,6,130,55,0,0,0,9,7,0,35,0,0,0,0,0,0,0,0,0,11,0,0,0,0,0,0,0,5,0,0,0,0,0,3,8,0,0,0,0,0,0,33,0,0,4,0,0,0,0,0,0,0,0,0,0,0,0,0,0,0,0,0,0,0,0,0,0,0,0,0,0,0,0,0,0,0,0,0,0,0,0,0,0,0,0,0,0,0,0,0,0,0,0,0,0,0,0,0,0,0,0,0,0,0,0,0,0,0,0,4,0,0,0,0,0,0,0,0,0,0,0,0,0,0,0,0,0,0,0,0,0,0,0,0,0,0,0
4,5,46,0,0,244,46,93,56,0,256,9,0,18,65,10,0,0,27,0,0,40,0,2,0,0,2,0,0,0,9,37,0,0,0,0,0,0,0,0,0,0,0,0,0,0,7,0,0,0,54,0,0,13,0,0,53,0,0,0,0,37,0,0,0,7,0,0,0,10,0,0,0,0,0,0,0,0,0,0,0,0,28,0,0,0,0,0,0,0,0,0,0,0,0,0,0,0,0,0,0,0,0,0,0,0,0,0,0,0,0,0,0,0,0,0,0,0,0,0,0,0,0,0,0,0,0,0,0,0,0,0,0,0,0,0,0,0,0,0,0,0,0,0,0,0,0,0,1
4,6,119,213,0,3,86,15,21,122,59,176,0,0,4,0,0,0,8,66,54,0,0,0,0,2,0,0,0,0,2,26,0,0,0,7,0,0,0,0,0,0,0,0,0,0,0,0,0,0,0,0,0,9,176,0,2,0,0,0,0,0,0,0,0,0,0,0,0,0,0,0,0,0,0,0,0,0,0,0,0,0,0,0,0,0,0,0,0,0,0,0,0,0,0,0,0,0,0,0,0,0,0,0,0,0,0,0,0,0,0,0,0,0,0,0,0,0,0,0,0,0,0,0,0,0,0,0,0,0,0,0,0,0,0,0,0,0,0,0,0,0,0,0,0,0,0,0,0
4,7,126,387,0,0,32,64,0,74,26,0,0,0,109,0,0,0,0,8,1,51,0,0,0,0,0,0,0,0,0,6,0,0,0,14,0,0,0,0,0,0,0,0,0,0,23,0,0,0,0,0,0,4,145,0,51,0,0,0,0,0,4,0,0,0,0,0,0,0,0,0,0,0,0,0,0,6,0,0,5,0,15,0,0,0,0,0,0,0,0,0,0,0,0,0,0,0,0,0,0,0,2,0,0,9,0,0,0,0,0,0,0,0,0,0,0,0,0,0,0,0,0,0,0,0,8,0,0,0,0,0,0,0,0,0,0,0,0,0,0,0,0,0,0,0,0,0,0
4,8,62,157,0,0,81,0,70,1,252,3,0,50,12,0,0,0,16,20,0,9,0,255,0,0,0,0,0,0,13,0,5,0,0,0,17,0,0,0,0,0,0,0,0,3,4,0,0,0,0,0,0,37,60,0,0,0,0,0,0,0,0,0,0,0,0,0,0,0,0,0,0,0,0,0,0,0,0,0,40,0,0,0,0,0,0,0,0,0,0,0,0,0,0,0,0,0,0,0,0,0,3,0,0,0,0,0,0,0,0,0,0,0,0,0,0,0,0,0,0,0,0,0,0,0,0,0,0,0,0,0,0,0,0,0,0,0,0,0,0,0,0,0,0,0,0,0,0
4,9,133,272,0,0,35,26,35,228,36,0,9,46,86,0,0,0,11,0,14,51,0,12,0,15,24,0,0,0,8,0,0,0,0,12,0,0,0,7,0,0,0,0,0,0,13,0,0,0,0,0,25,6,54,0,0,0,0,0,0,0,0,0,0,0,0,0,0,0,0,0,4,0,0,0,0,0,0,0,0,0,0,0,0,0,0,0,0,0,0,0,0,0,0,0,0,0,0,0,0,0,0,0,0,0,8,0,0,0,0,0,0,0,0,0,0,0,0,0,0,0,0,0,0,0,0,0,0,0,0,0,0,0,0,0,0,0,0,0,0,0,0,0,0,0,0,0,0
4,10,34,192,0,57,64,70,17,62,383,0,0,3,24,0,0,0,0,0,143,12,0,0,0,0,0,0,0,0,18,0,0,0,0,12,0,0,0,10,0,0,0,0,0,0,0,0,0,0,0,0,0,0,52,0,0,0,0,0,0,0,0,0,0,0,0,0,0,0,0,0,0,0,0,0,0,0,0,0,0,0,0,0,17,0,0,0,0,0,0,0,0,0,0,0,0,0,0,0,0,0,0,0,0,0,0,0,0,0,0,0,0,0,0,0,0,0,0,0,0,0,0,0,0,0,0,0,0,0,0,0,0,0,0,0,0,0,0,0,0,0,0,0,0,0,0,0,0
5,1,0,22,0,0,17,0,40,0,16,111,18,45,0,290,0,10,23,0,0,0,77,10,0,0,0,0,0,0,26,0,26,0,0,0,0,190,0,1,213,0,0,0,0,0,0,0,6,0,0,0,0,0,0,0,0,0,0,0,19,0,0,0,0,0,0,0,0,0,0,0,0,0,7,0,0,0,0,0,0,0,0,0,0,0,0,0,0,0,0,0,0,0,0,0,0,0,0,0,0,0,0,0,3,0,0,0,0,0,0,0,0,0,0,0,0,0,0,0,0,0,0,0,0,0,0,0,0,0,0,0,0,0,0,0,0,0,0,0,0,0,0,0,0,0,0,0,0
5,2,29,43,0,0,134,34,25,0,129,26,23,64,0,201,0,0,4,0,0,0,0,211,0,0,3,0,0,0,9,0,16,0,1,0,0,0,0,1,1,0,0,0,0,2,0,0,9,0,0,0,172,0,0,0,0,0,0,0,11,16,0,0,0,0,0,0,0,0,0,0,0,0,0,0,0,0,0,0,0,0,0,0,0,0,0,0,0,0,0,0,0,0,0,0,0,0,0,0,0,0,0,0,6,0,0,0,0,0,0,0,0,0,0,0,0,0,0,0,0,0,0,0,0,0,0,0,0,0,0,0,0,0,0,0,0,0,0,0,0,0,0,0,0,0,0,0,0
5,3,0,146,0,0,11,31,43,0,147,54,0,32,0,244,0,17,15,0,21,0,35,127,0,0,0,0,0,0,9,0,25,0,0,0,0,54,0,0,24,0,0,0,0,1,0,0,6,0,0,0,0,12,0,0,0,0,0,0,92,13,0,0,0,0,0,0,0,0,0,0,0,0,0,0,0,0,0,0,0,0,0,0,0,0,0,0,0,0,0,0,0,0,0,0,0,0,0,0,0,0,0,0,3,0,0,0,0,0,0,0,0,8,0,0,0,0,0,0,0,0,0,0,0,0,0,0,0,0,0,0,0,0,0,0,0,0,0,0,0,0,0,0,0,0,0,0,0
5,4,11,12,0,0,111,64,40,0,28,183,0,48,0,106,0,0,22,10,11,0,18,57,0,11,4,0,0,0,30,0,6,0,0,0,0,62,0,8,34,0,0,0,0,0,0,0,0,0,0,0,167,0,0,0,56,4,0,0,8,1,0,0,0,8,0,0,0,0,0,0,0,0,0,0,0,0,0,0,0,0,24,0,0,0,0,0,0,0,0,0,0,0,0,0,0,0,0,0,0,0,0,0,0,0,25,0,0,0,0,0,0,0,0,0,0,0,0,0,0,0,0,0,0,0,0,0,0,0,0,0,0,0,0,0,0,0,0,0,0,0,0,0,0,0,0,1,0
5,5,12,190,5,0,136,67,10,4,66,40,0,9,0,171,0,8,3,21,176,0,16,142,0,0,0,0,0,0,5,0,7,0,0,0,0,10,0,6,18,0,0,0,0,3,0,0,10,0,0,0,0,0,0,0,0,4,0,0,10,14,0,0,0,0,0,0,0,0,0,0,0,0,0,0,0,0,0,0,0,0,0,0,0,0,0,0,0,0,0,0,0,0,0,0,0,0,0,0,0,0,0,0,0,0,7,0,0,0,0,0,0,0,0,0,0,0,0,0,0,0,0,0,0,0,0,0,0,0,0,0,0,0,0,0,0,0,0,0,0,0,0,0,0,0,0,0,0
5,6,4,95,3,0,127,11,0,0,74,170,0,36,19,242,0,2,6,21,54,6,2,121,0,0,8,0,0,0,0,0,5,0,4,0,4,62,0,8,54,0,0,0,0,0,0,0,5,0,0,0,0,0,0,0,2,0,0,0,2,10,0,0,0,0,0,0,0,0,0,0,0,0,0,0,0,0,0,0,0,0,0,0,0,0,0,0,0,0,0,0,0,0,0,0,0,0,0,0,0,0,0,0,9,0,0,0,0,0,0,0,0,0,4,0,0,0,0,0,0,0,0,0,0,0,0,0,0,0,0,0,0,0,0,0,0,0,0,0,0,0,0,0,0,0,0,0,0
5,7,15,63,0,0,296,98,23,0,14,72,0,19,24,120,0,0,9,62,35,26,123,0,0,0,0,0,0,0,4,0,17,0,3,0,4,48,0,0,53,0,0,0,0,0,6,0,0,0,0,0,0,0,0,0,0,0,0,0,22,0,0,0,0,0,0,0,0,0,0,0,0,0,13,0,0,0,0,0,0,0,0,0,0,0,0,0,0,0,0,0,0,0,0,0,0,0,0,0,0,1,0,0,0,0,0,0,0,0,0,0,0,0,0,0,0,0,0,0,0,0,0,0,0,0,0,0,0,0,0,0,0,0,0,0,0,0,0,0,0,0,0,0,0,0,0,0,0
5,8,88,80,0,13,54,38,50,0,72,132,0,81,5,150,0,5,47,3,6,2,1,23,0,50,11,15,0,0,28,0,24,0,0,0,0,20,0,35,10,0,0,58,0,0,4,12,0,0,0,0,0,8,0,0,0,1,0,0,21,12,0,0,0,0,0,0,0,0,0,0,0,0,0,0,0,0,0,0,0,3,0,0,0,0,0,0,0,0,0,0,0,0,0,0,0,0,0,0,0,0,0,0,5,0,0,0,0,0,0,0,0,0,0,0,0,3,0,0,0,0,0,0,0,0,0,0,0,0,0,0,0,0,0,0,0,0,0,0,0,0,0,0,0,0,0,0,0
5,9,41,84,6,0,63,27,67,0,25,188,0,69,0,257,0,37,25,7,0,0,35,15,0,0,7,0,0,0,26,0,3,0,0,0,0,117,0,4,51,0,0,0,0,0,0,0,0,0,0,0,0,0,0,0,0,0,0,0,0,0,0,0,0,0,0,0,0,0,0,0,0,0,6,0,0,0,0,0,0,0,0,0,0,0,0,0,0,0,0,0,0,0,0,0,0,0,0,0,0,0,0,0,10,0,0,0,0,0,0,0,0,0,0,0,0,0,0,0,0,0,0,0,0,0,0,0,0,0,0,0,0,0,0,0,0,0,0,0,0,0,0,0,0,0,0,0,0
5,10,56,0,0,0,45,7,42,0,132,0,0,67,9,241,0,0,23,7,10,0,82,31,0,0,0,0,0,0,9,0,41,0,0,0,7,155,0,0,188,0,0,0,0,0,0,0,0,0,0,0,0,0,0,0,0,0,0,0,0,18,0,0,0,0,0,0,0,0,0,0,0,0,0,0,0,0,0,0,0,0,0,0,0,0,0,0,0,0,0,0,0,0,0,0,0,0,0,0,0,0,0,0,0,0,0,0,0,0,0,0,0,0,0,0,0,0,0,0,0,0,0,0,0,0,0,0,0,0,0,0,0,0,0,0,0,0,0,0,0,0,0,0,0,0,0,0,0
6,1,0,0,109,26,35,40,4,0,0,0,0,0,17,0,0,0,4,0,0,0,0,18,39,0,0,0,767,0,0,0,0,0,11,0,0,0,0,15,0,0,0,0,0,0,6,0,0,0,0,0,0,0,0,0,0,0,0,0,0,0,0,0,0,0,0,79,0,0,0,0,0,0,0,0,0,0,0,0,0,0,0,0,0,0,0,0,0,0,0,0,0,0,0,0,0,0,0,0,0,0,0,0,0,0,0,0,0,0,0,0,0,0,0,0,0,0,0,0,0,0,0,0,0,0,0,0,0,0,0,0,0,0,0,0,0,0,0,0,0,0,0,0,0,0,0,0,0
6,2,0,0,201,0,29,13,0,0,117,0,0,0,18,0,6,12,0,0,0,0,0,0,132,6,0,0,231,0,0,0,0,0,26,0,25,0,0,0,0,0,0,0,0,0,0,0,0,0,0,0,0,0,0,0,0,0,8,0,0,0,0,0,0,0,5,341,0,0,0,0,0,0,0,0,0,0,0,0,0,0,0,0,0,0,0,0,0,0,0,0,0,0,0,0,0,0,0,0,0,0,0,0,0,0,0,0,0,0,0,0,0,0,0,0,0,0,0,0,0,0,0,0,0,0,0,0,0,0,0,0,0,0,0,0,0,0,0,0,0,0,0,0,0,0,0,0,0
6,3,0,0,75,0,46,147,0,0,0,0,0,0,424,0,0,27,0,0,0,102,0,0,0,0,0,0,93,0,0,0,0,0,0,0,0,0,0,0,0,0,0,0,8,0,119,0,0,0,0,0,0,0,0,0,0,0,0,0,0,0,0,0,11,0,12,33,0,0,0,0,0,0,0,0,0,0,0,0,0,0,0,0,0,0,0,0,0,0,0,0,0,0,0,0,0,0,0,0,0,0,0,0,0,0,0,64,0,0,0,0,0,0,0,0,0,0,0,0,0,0,0,0,0,0,0,0,0,9,0,0,0,0,0,0,0,0,0,0,0,0,0,0,0,0,0,0,0
6,4,0,0,517,79,8,3,230,3,0,0,0,0,0,0,0,0,95,0,0,0,0,32,0,0,0,4,70,0,15,0,0,0,62,0,0,0,0,46,0,0,0,0,0,0,0,0,0,0,0,0,0,0,0,0,0,0,0,0,0,0,0,0,0,0,0,0,0,0,0,0,0,0,0,0,0,0,0,0,0,0,0,0,0,0,0,0,0,0,0,0,0,0,2,0,0,0,0,0,0,0,0,0,4,0,0,0,0,0,0,0,0,0,0,0,0,0,0,0,0,0,0,0,0,0,0,0,0,0,0,0,0,0,0,0,0,0,0,0,0,0,0,0,0,0,0,0,0
6,5,0,0,74,420,8,0,188,0,3,0,0,0,22,0,0,0,33,0,0,0,18,0,0,0,0,0,86,0,17,0,4,0,56,0,0,7,0,189,0,0,0,0,0,0,0,0,3,0,0,0,0,0,0,0,0,22,0,0,0,0,0,0,0,0,0,12,0,0,0,0,0,0,0,0,0,0,0,0,0,0,0,0,0,8,0,0,0,0,0,0,0,0,0,0,0,0,0,0,0,0,0,0,0,0,0,0,0,0,0,0,0,0,0,0,0,0,0,0,0,0,0,0,0,0,0,0,0,0,0,0,0,0,0,0,0,0,0,0,0,0,0,0,0,0,0,0,0
6,6,73,0,325,14,6,57,105,0,9,0,0,50,11,0,0,24,46,0,0,1,0,212,12,0,6,0,72,0,3,0,0,0,52,0,0,0,0,4,0,0,0,0,0,1,1,0,0,0,0,18,0,0,0,0,0,8,23,0,11,1,0,0,0,0,0,13,0,0,0,0,0,0,0,0,0,0,0,0,0,0,0,0,0,0,0,0,0,0,0,0,0,0,0,0,0,0,0,0,0,0,0,0,0,0,0,0,12,0,0,0,0,0,0,0,0,0,0,0,0,0,0,0,0,0,0,0,0,0,0,0,0,0,0,0,0,0,0,0,0,0,0,0,0,0,0,0,0
6,7,0,0,188,458,17,52,91,0,0,6,0,0,12,0,0,0,37,0,0,4,0,41,0,0,0,0,168,0,22,0,0,0,28,0,0,0,0,42,0,0,1,0,0,0,0,0,0,0,0,0,0,0,0,0,0,0,0,0,3,0,0,0,0,0,0,0,0,0,0,0,0,0,0,0,0,0,0,0,0,0,0,0,0,0,0,0,0,0,0,0,0,0,0,0,0,0,0,0,0,0,0,0,0,0,0,0,0,0,0,0,0,0,0,0,0,0,0,0,0,0,0,0,0,0,0,0,0,0,0,0,0,0,0,0,0,0,0,0,0,0,0,0,0,0,0,0,0
6,8,73,16,109,50,251,74,58,0,50,19,0,9,83,1,0,1,35,13,16,60,0,17,0,9,5,13,36,0,22,2,11,0,8,0,0,0,0,72,1,0,0,0,3,0,9,0,11,0,0,5,0,4,0,0,0,0,0,0,7,3,0,0,0,0,0,9,0,0,0,0,0,0,0,0,0,0,0,0,0,0,0,0,0,0,0,0,0,0,0,0,0,2,0,0,0,0,0,0,0,0,0,0,0,0,0,0,0,0,0,0,0,0,0,0,3,0,0,0,0,0,0,0,0,0,0,0,0,0,0,0,0,0,0,0,0,0,0,0,0,0,0,0,0,0,0,0,0
6,9,0,0,122,0,41,296,16,0,0,0,0,0,0,0,0,4,4,0,14,11,0,6,0,0,0,0,321,0,0,0,0,0,28,0,0,0,0,38,0,0,0,0,221,0,0,0,0,0,0,0,0,0,0,0,0,0,0,0,0,0,0,0,0,0,0,13,35,0,0,0,0,0,0,0,0,0,0,0,0,0,0,0,0,0,0,0,0,0,0,0,0,0,0,0,0,0,0,0,0,0,0,0,0,0,0,0,0,0,0,0,0,0,0,0,0,0,0,0,0,0,0,0,0,0,0,0,0,0,0,0,0,0,0,0,0,0,0,0,0,0,0,0,0,0,0,0,0
6,10,9,5,52,686,4,7,191,0,0,0,0,22,16,0,0,0,48,0,0,17,5,0,0,0,0,0,0,0,30,0,4,0,37,0,0,0,0,0,0,0,0,0,0,0,6,0,0,0,0,0,0,0,0,0,0,0,0,0,0,0,0,0,0,0,0,0,0,0,0,0,0,0,0,0,0,0,0,0,31,0,0,0,0,0,0,0,0,0,0,0,0,0,0,0,0,0,0,0,0,0,0,0,0,0,0,0,0,0,0,0,0,0,0,0,0,0,0,0,0,0,0,0,0,0,0,0,0,0,0,0,0,0,0,0,0,0,0,0,0,0,0,0,0,0,0,0,0
7,2,0,0,0,211,30,32,3,0,13,0,0,0,99,0,0,4,1,0,0,38,22,15,0,0,0,0,0,0,0,0,0,0,2,0,0,17,0,115,0,0,15,0,380,0,10,0,0,0,0,0,0,0,0,0,34,0,0,0,0,0,0,0,0,0,0,0,129,0,0,0,0,0,0,0,0,0,0,0,0,0,0,0,0,0,0,0,0,0,0,0,0,0,0,0,0,0,0,0,0,0,0,0,0,0,0,0,0,0,0,0,0,0,0,0,0,0,0,0,0,0,0,0,0,0,0,0,0,0,0,0,0,0,0,0,0,0,0,0,0,0,0,0,0,0,0,0,0
7,3,3,0,25,79,46,37,0,5,0,0,0,0,402,0,0,0,0,0,0,259,10,0,0,0,0,0,0,0,0,0,0,0,0,0,0,0,0,237,0,0,45,0,0,0,11,0,0,0,0,0,0,0,0,0,0,0,0,0,0,0,0,0,0,0,0,0,0,0,0,0,0,0,0,0,0,0,0,11,0,0,0,0,0,0,0,0,0,0,0,0,0,0,0,0,0,0,0,0,0,0,0,0,0,0,0,0,0,0,0,0,0,0,0,0,0,0,0,0,0,0,0,0,0,0,0,0,0,0,0,0,0,0,0,0,0,0,0,0,0,0,0,0,0,0,0,0,0
7,4,0,0,135,85,563,17,0,45,0,0,0,0,7,0,0,0,4,0,0,18,28,0,0,0,0,0,10,0,0,0,0,0,0,12,0,0,0,16,0,0,21,0,112,88,0,0,0,0,0,0,0,0,0,0,0,0,0,0,0,0,0,0,0,0,0,0,9,0,0,0,0,0,0,0,0,0,0,0,0,0,0,0,0,0,0,0,0,0,0,0,0,0,0,0,0,0,0,0,0,0,0,0,0,0,0,0,0,0,0,0,0,0,0,0,0,0,0,0,0,0,0,0,0,0,0,0,0,0,0,0,0,0,0,0,0,0,0,0,0,0,0,0,0,0,0,0,0
7,5,0,0,154,0,0,0,0,0,0,0,0,0,433,0,0,0,22,0,0,270,0,0,0,0,0,0,0,0,0,0,0,0,0,0,0,0,0,0,0,0,207,0,43,0,0,0,0,0,0,0,0,0,0,0,0,0,0,0,0,0,0,0,0,0,0,0,41,0,0,0,0,0,0,0,0,0,0,0,0,0,0,0,0,0,0,0,0,0,0,0,0,0,0,0,0,0,0,0,0,0,0,0,0,0,0,0,0,0,0,0,0,0,0,0,0,0,0,0,0,0,0,0,0,0,0,0,0,0,0,0,0,0,0,0,0,0,0,0,0,0,0,0,0,0,0,0,0
7,6,0,0,0,72,145,8,0,0,0,0,0,0,189,0,0,0,0,0,0,148,144,0,0,0,0,0,0,0,0,0,0,0,0,0,0,0,0,0,0,0,88,0,369,7,0,0,0,0,0,0,0,0,0,0,0,0,0,0,0,0,0,0,0,0,0,0,0,0,0,0,0,0,0,0,0,0,0,0,0,0,0,0,0,0,0,0,0,0,0,0,0,0,0,0,0,0,0,0,0,0,0,0,0,0,0,0,0,0,0,0,0,0,0,0,0,0,0,0,0,0,0,0,0,0,0,0,0,0,0,0,0,0,0,0,0,0,0,0,0,0,0,0,0,0,0,0,0
7,7,0,0,154,0,769,3,15,0,4,0,0,0,9,0,0,0,5,0,0,11,7,15,0,0,0,0,0,0,4,0,0,0,95,0,4,0,0,38,0,0,4,0,0,0,0,0,0,0,0,0,0,0,0,0,0,0,0,0,0,0,0,0,0,0,0,0,0,0,0,0,0,0,0,0,0,0,0,0,0,0,0,0,0,0,0,0,0,0,0,0,0,0,0,0,0,0,0,0,0,0,0,0,0,0,0,0,33,0,0,0,0,0,0,0,0,0,0,0,0,0,0,0,0,0,0,0,0,0,0,0,0,0,0,0,0,0,0,0,0,0,0,0,0,0,0,0,0
7,8,0,0,70,0,265,534,0,0,55,0,0,0,133,0,0,0,0,0,0,24,0,0,0,0,0,0,21,0,0,0,0,0,6,0,17,0,0,7,0,0,0,0,5,0,33,0,0,0,0,0,0,0,0,0,0,0,0,0,0,0,0,0,0,0,0,0,0,0,0,0,0,0,0,0,0,0,0,0,0,0,0,0,0,0,0,0,0,0,0,0,0,0,0,0,0,0,0,0,0,0,0,0,0,0,0,0,0,0,0,0,0,0,0,0,0,0,0,0,0,0,0,0,0,0,0,0,0,0,0,0,0,0,0,0,0,0,0,0,0,0,0,0,0,0,0,0,0
7,9,0,0,104,154,33,34,0,0,0,0,0,0,232,35,0,0,0,0,0,100,60,0,0,0,0,0,0,0,0,0,0,0,0,0,0,0,0,183,0,0,30,0,20,0,85,0,0,0,0,0,0,0,0,0,0,100,0,0,0,0,0,0,0,0,0,0,0,0,0,0,0,0,0,0,0,0,0,0,0,0,0,0,0,0,0,0,0,0,0,0,0,0,0,0,0,0,0,0,0,0,0,0,0,0,0,0,0,0,0,0,0,0,0,0,0,0,0,0,0,0,0,0,0,0,0,0,0,0,0,0,0,0,0,0,0,0,0,0,0,0,0,0,0,0,0,0,0
7,10,0,0,10,213,165,0,119,0,0,0,0,0,41,37,0,0,46,0,416,33,0,0,0,0,0,0,0,0,25,0,0,0,13,0,0,10,0,0,0,0,10,0,19,0,0,0,7,0,0,0,0,0,0,0,6,0,0,0,0,0,0,0,0,0,0,0,0,0,0,0,0,0,0,0,0,0,0,0,0,0,0,0,0,0,0,0,0,0,0,0,0,0,0,0,0,0,0,0,0,0,0,0,0,0,0,0,0,0,0,0,0,0,0,0,0,0,0,0,0,0,0,0,0,0,0,0,0,0,0,0,0,0,0,0,0,0,0,0,0,0,0,0,0,0,0,0,0
8,1,48,158,21,0,67,36,32,24,13,101,376,25,5,0,0,15,0,26,0,0,0,70,0,21,0,0,0,0,0,53,7,0,4,0,4,44,0,0,12,6,0,0,0,0,0,0,2,0,0,0,0,0,0,0,0,0,0,0,0,0,0,0,0,0,0,0,0,0,0,0,0,0,0,0,0,0,0,0,0,0,0,0,0,0,0,0,0,0,0,0,0,0,0,0,0,0,0,0,0,0,0,0,0,0,0,0,0,0,0,0,0,0,0,0,0,0,0,0,0,0,0,0,0,0,0,0,0,0,0,0,0,0,0,0,0,0,0,0,0,0,0,0,0,0,0,0,0
8,2,0,128,0,16,4,8,150,64,31,23,37,59,41,0,0,0,54,19,47,18,29,151,0,7,22,19,0,0,37,74,0,0,0,0,0,0,0,6,0,22,0,0,0,0,3,0,20,0,0,0,0,1,0,0,20,0,0,0,0,0,0,0,0,6,0,0,0,0,0,47,0,0,0,0,0,0,0,0,0,0,4,0,0,0,0,0,0,0,0,0,0,0,0,0,0,0,0,0,0,3,0,0,0,0,0,0,0,0,0,0,0,0,0,0,0,0,0,0,0,0,0,0,0,0,0,0,0,0,0,0,0,0,0,0,0,0,0,0,0,0,0,0,0,0,0,0,0
8,3,37,204,11,0,10,63,36,95,63,0,0,29,0,3,14,0,14,12,18,0,0,95,14,0,0,9,0,0,10,27,0,0,0,30,14,0,0,0,0,33,0,0,0,0,0,0,3,0,0,3,0,0,0,4,211,0,0,0,0,0,0,0,0,51,0,0,0,0,0,0,0,0,0,0,0,0,0,0,0,0,57,0,0,0,0,0,0,0,0,0,0,0,0,0,0,0,0,0,0,0,0,0,0,0,0,0,0,0,0,0,0,0,0,0,0,0,0,0,0,0,0,0,0,0,0,0,0,0,0,0,0,0,0,0,0,0,0,0,0,0,0,0,0,0,0,0,0
8,4,64,156,21,0,3,12,17,0,49,27,23,36,8,58,33,169,7,2,0,6,0,142,0,0,36,0,0,0,9,43,0,0,0,0,10,0,0,10,0,52,0,0,0,0,1,7,0,0,0,15,0,0,0,1,0,0,116,0,33,0,0,0,0,0,0,0,0,0,0,0,0,0,0,0,0,0,0,4,0,0,0,0,0,0,0,0,0,0,0,0,0,0,0,0,0,0,0,0,0,0,0,0,0,0,0,0,0,0,0,0,0,0,0,0,0,0,0,0,0,0,0,0,0,0,0,0,0,0,0,0,0,0,0,0,0,0,0,0,0,0,0,0,0,0,0,0,0
8,5,208,4,0,0,31,117,174,0,48,0,0,43,26,0,0,0,59,45,0,7,4,0,0,0,3,0,0,0,34,37,0,242,2,0,14,0,0,54,0,0,0,0,0,2,7,0,0,0,0,0,0,0,0,0,0,0,0,0,9,0,0,0,0,0,0,0,0,0,0,0,0,0,0,0,0,0,0,0,0,0,0,0,0,0,0,0,0,0,0,0,0,0,0,0,0,0,0,0,0,0,0,0,0,0,0,0,0,0,0,0,0,0,0,0,0,0,0,0,0,0,0,0,0,0,0,0,0,0,0,0,0,0,0,0,0,0,0,0,0,0,0,0,0,0,0,0,0
8,6,107,31,47,0,83,107,0,157,25,11,313,65,0,0,32,13,0,0,0,1,0,0,0,0,2,0,0,0,0,0,0,0,0,1,8,0,0,0,0,0,0,0,0,0,2,0,0,0,60,2,0,0,0,38,0,0,17,0,0,0,0,0,0,0,0,0,0,13,0,30,0,0,0,0,0,0,0,5,0,0,0,0,0,0,0,0,0,0,0,0,0,0,0,0,0,0,0,0,0,0,0,0,0,0,0,0,0,0,0,0,0,0,0,0,0,0,0,0,0,0,0,0,0,0,0,0,0,0,0,0,0,0,0,0,0,0,0,0,0,0,0,0,0,0,0,0,0
8,7,22,68,13,60,111,13,48,0,49,204,1,24,2,16,0,43,39,0,0,0,113,99,0,11,3,0,0,0,43,5,0,0,6,0,7,63,0,4,0,0,0,25,0,1,0,2,0,0,0,19,0,0,0,0,0,0,36,0,5,0,0,0,0,0,0,0,0,0,0,6,0,0,0,0,0,0,0,0,0,0,0,0,0,0,0,0,0,0,0,0,0,0,0,0,0,0,0,0,0,9,0,0,0,0,0,0,0,0,0,0,0,0,0,0,0,0,0,0,0,0,0,0,0,0,0,0,0,0,0,0,0,0,0,0,0,0,0,0,0,0,0,0,0,0,0,0,0
8,8,66,120,12,32,94,41,70,76,15,11,108,23,9,2,85,8,40,3,0,3,201,0,0,12,0,0,0,0,12,3,7,0,8,0,0,0,0,0,0,12,0,0,0,0,6,32,0,0,0,6,0,0,7,0,0,0,14,0,14,0,0,0,0,0,0,0,0,0,0,0,0,0,0,0,0,0,0,0,0,5,0,0,0,0,0,0,0,0,0,0,0,0,13,0,0,0,0,0,0,0,0,0,0,0,0,0,0,0,0,0,0,0,0,0,0,0,0,0,0,0,0,0,0,0,0,0,0,0,0,0,0,0,0,0,0,0,0,0,0,0,0,0,0,0,0,0,0
8,9,52,106,0,27,53,13,91,0,16,92,390,0,7,20,0,0,36,11,0,6,0,21,0,0,49,0,0,0,41,0,0,0,0,0,0,12,0,0,0,56,0,0,0,9,0,0,19,0,0,3,0,0,0,0,0,0,0,0,0,0,0,0,0,0,0,0,0,0,0,0,0,0,0,0,0,0,0,0,0,0,0,0,0,0,0,0,0,0,40,0,0,0,0,0,0,0,0,0,0,0,0,0,0,0,0,0,0,0,0,0,0,0,0,0,0,0,0,0,0,0,0,0,0,0,0,0,0,0,0,0,0,0,0,0,0,0,0,0,0,0,0,0,0,0,0,0,0
8,10,34,61,12,246,39,31,0,62,0,31,256,70,54,7,40,0,0,0,0,40,0,11,0,0,4,0,0,0,5,0,0,0,0,0,0,65,0,4,11,5,0,0,0,8,11,0,44,0,0,3,0,0,0,0,0,0,0,0,0,0,0,0,0,0,0,0,0,0,0,0,0,0,0,0,0,0,0,0,0,0,0,0,0,0,0,0,0,0,0,0,16,0,0,0,0,0,0,0,0,0,0,0,0,0,0,0,0,0,0,0,0,0,0,0,0,0,0,0,0,0,0,0,0,0,0,0,0,0,0,0,0,0,0,0,0,0,0,0,0,0,0,0,0,0,0,0,0
9,1,21,104,23,0,12,34,0,182,0,64,390,10,4,6,83,0,0,0,0,0,0,0,0,0,15,0,0,0,0,0,0,0,0,20,0,2,5,11,0,14,0,0,0,0,0,5,0,0,0,1,0,0,0,0,49,0,0,0,0,0,0,0,0,68,0,0,0,0,0,0,0,0,0,0,37,0,0,0,0,0,0,0,0,0,0,0,0,0,0,0,0,0,0,0,0,0,0,0,0,10,0,0,0,0,0,0,0,0,0,0,0,0,0,0,0,0,0,0,0,0,0,0,0,0,0,0,0,0,0,0,0,0,0,0,0,0,0,0,0,0,0,0,0,0,0,0,0
9,2,39,128,0,0,0,36,121,27,79,120,12,15,17,20,0,0,40,0,0,7,0,34,0,0,0,0,0,0,45,0,0,0,0,4,0,87,0,13,25,14,0,0,0,0,0,0,59,0,0,3,0,0,0,0,11,0,0,0,0,20,4,0,0,25,0,0,0,0,0,85,0,5,0,0,44,5,0,0,0,0,0,0,0,0,0,0,0,0,0,0,0,0,0,0,0,0,0,0,0,6,0,0,0,0,0,0,0,0,0,0,0,0,0,20,0,0,0,0,0,0,0,0,0,0,0,0,0,0,0,0,0,0,0,0,0,0,0,0,0,0,0,0,0,0,0,0,0
9,3,81,158,0,8,7,0,126,242,6,21,0,16,32,25,0,0,49,0,0,15,0,12,0,0,0,0,0,0,38,19,0,0,0,0,0,0,0,0,0,3,0,0,0,0,2,0,0,0,30,0,0,0,0,1,159,0,0,0,0,0,0,0,0,120,0,0,0,0,0,0,0,0,0,0,0,0,0,0,0,0,0,0,0,0,0,0,0,0,0,0,0,0,0,0,0,0,0,0,0,0,0,0,0,0,0,0,0,0,0,0,0,0,0,0,0,0,0,0,0,0,0,0,0,0,0,0,0,0,0,0,0,0,0,0,0,0,0,0,0,0,0,0,0,0,0,0,0
9,5,0,47,15,14,56,11,43,282,0,37,311,0,0,16,0,0,28,0,0,0,0,0,0,0,0,0,0,0,12,0,0,0,0,42,0,0,92,0,0,0,0,0,0,0,0,0,7,0,49,0,0,0,0,0,0,0,10,23,0,0,0,0,0,0,0,0,0,9,0,0,0,6,0,0,39,0,0,0,0,0,0,0,0,0,0,0,0,0,18,0,0,0,0,0,0,0,0,0,0,0,3,0,0,0,0,0,0,0,0,0,0,0,0,0,0,0,0,0,0,0,0,0,0,0,0,0,0,0,0,0,0,0,0,0,0,0,0,0,0,0,0,0,0,0,0,0,0
9,6,0,194,10,134,11,6,92,0,312,100,71,2,36,0,0,0,36,0,0,24,0,0,0,12,0,0,0,0,0,0,0,0,0,0,0,0,0,0,0,13,0,0,0,3,9,0,41,0,0,0,0,0,0,0,0,0,0,0,0,49,0,0,0,0,0,0,0,1,0,11,0,3,0,0,0,0,0,0,0,0,0,0,0,0,0,0,0,0,0,0,0,0,0,0,0,0,0,0,0,0,0,0,0,0,0,0,0,0,0,0,0,0,0,0,0,0,0,0,0,0,0,0,0,0,0,0,0,0,0,0,0,0,0,0,0,0,0,0,0,0,0,0,0,0,0,0,0
9,7,41,60,0,262,0,18,16,348,0,11,0,0,37,0,0,0,0,0,0,11,0,14,0,10,0,0,0,0,0,76,0,0,0,34,0,0,0,0,0,7,0,0,0,14,5,0,5,0,17,31,0,0,0,0,20,0,8,0,0,0,0,0,0,44,0,0,0,0,0,0,0,0,0,0,81,0,0,0,0,0,0,0,0,0,0,0,0,0,0,0,0,0,0,0,0,0,0,0,0,0,0,0,0,0,0,0,0,0,0,0,0,0,0,0,0,0,0,0,0,0,0,0,0,0,0,0,0,0,0,0,0,0,0,0,0,0,0,0,0,0,0,0,0,0,0,0,0
9,8,162,48,1,0,16,79,21,143,0,66,370,0,65,0,0,0,7,0,0,34,0,0,0,5,21,0,0,0,13,0,0,0,0,33,0,0,0,14,0,27,0,0,0,3,8,0,0,0,0,0,0,0,0,0,4,0,0,0,0,0,0,0,0,0,0,0,0,0,0,24,0,2,0,0,0,0,0,0,0,0,0,0,0,0,0,0,0,0,0,0,0,0,0,0,0,0,0,0,0,4,0,0,0,0,0,0,0,0,0,0,0,0,0,0,0,0,0,0,0,0,0,0,0,0,0,0,0,0,0,0,0,0,0,0,0,0,0,0,0,0,0,0,0,0,0,0,0
9,9,199,132,9,0,0,0,34,17,0,54,22,373,113,0,0,0,17,15,0,93,0,0,0,0,38,0,0,0,34,0,0,0,0,0,0,0,0,0,0,0,0,0,0,0,20,0,0,0,0,0,0,0,0,0,0,0,0,0,0,0,0,0,0,0,0,0,0,0,0,0,0,0,0,0,0,0,0,0,0,0,0,0,0,0,0,0,0,0,0,0,0,0,0,0,0,0,0,0,0,0,0,0,0,0,0,0,0,0,0,0,0,0,0,0,0,0,0,0,0,0,0,0,0,0,0,0,0,0,0,0,0,0,0,0,0,0,0,0,0,0,0,0,0,0,0,0,0
9,10,74,40,0,545,5,29,76,137,2,13,32,22,22,15,0,0,25,0,0,13,0,0,0,10,0,0,0,0,22,0,0,0,0,14,0,0,0,0,0,0,0,0,0,0,0,0,1,0,15,0,0,0,0,0,0,0,0,0,0,0,0,0,0,0,0,0,0,0,0,0,0,0,0,0,0,0,0,0,22,0,0,0,0,0,0,0,0,0,33,0,0,0,0,0,0,0,0,0,0,0,0,0,0,0,0,0,0,0,0,0,0,0,0,0,0,0,0,0,0,0,0,0,3,0,0,0,0,0,0,0,0,0,0,0,0,0,0,0,0,0,0,0,0,0,0,0,0
10,1,147,76,11,0,3,65,15,196,0,114,0,161,22,5,0,0,22,0,0,10,0,0,0,40,0,0,0,0,13,0,0,0,0,32,0,0,27,0,0,45,0,0,0,2,11,0,0,0,0,26,0,0,0,2,104,0,0,7,0,0,0,0,0,0,0,0,0,0,0,0,0,0,0,0,0,0,0,0,0,0,8,0,0,0,0,0,0,0,0,0,0,0,0,0,0,0,6,0,0,0,0,0,0,0,0,0,0,0,0,0,0,0,0,0,0,0,0,0,0,0,0,0,0,0,0,0,0,0,0,0,0,0,0,0,0,0,0,0,0,0,0,0,0,0,0,0,0
10,2,62,154,3,7,56,24,0,467,31,11,0,23,0,5,0,0,0,0,0,0,0,0,0,0,12,0,0,0,11,0,0,0,0,38,0,0,0,0,0,37,0,0,0,0,0,0,0,0,68,34,4,0,0,0,12,0,0,0,0,0,31,0,0,8,0,0,0,16,0,8,0,0,0,0,38,10,0,0,0,0,0,0,0,0,0,0,0,0,0,0,0,0,0,0,0,0,0,0,0,0,0,0,0,0,0,0,0,0,0,0,0,0,0,0,0,0,0,0,0,0,0,0,0,0,0,0,0,0,0,0,0,0,0,0,0,0,0,0,0,0,0,0,0,0,0,0,0
10,3,78,68,0,33,4,37,39,321,0,12,283,12,0,0,3,0,11,0,0,0,0,0,0,0,13,0,0,0,14,0,0,0,0,46,0,0,7,0,0,24,0,0,0,0,0,0,0,0,0,6,0,0,0,0,5,0,0,0,0,0,10,0,0,8,0,0,0,0,0,37,0,0,0,6,51,6,0,0,24,0,0,0,0,0,0,0,0,0,12,0,0,0,0,0,0,0,0,0,0,0,0,0,0,0,0,0,0,0,0,0,0,0,0,0,0,0,0,0,0,0,0,0,0,0,0,0,0,0,0,0,0,0,0,0,0,0,0,0,0,0,0,0,0,0,0,0,0
10,4,0,85,0,61,7,9,93,486,58,24,0,77,0,0,0,0,33,2,0,0,0,0,0,0,0,0,0,0,28,0,0,0,0,71,0,0,20,0,0,0,0,0,0,0,0,0,10,0,0,93,0,0,0,0,0,0,0,0,0,13,0,0,0,0,0,0,0,0,0,0,0,0,0,0,0,0,0,0,0,0,0,0,0,0,0,0,0,0,0,0,0,0,0,0,0,0,0,0,0,0,0,0,0,0,0,0,0,0,0,0,0,0,0,0,0,0,0,0,0,0,0,0,0,0,0,0,0,0,0,0,0,0,0,0,0,0,0,0,0,0,0,0,0,0,0,0,0
10,5,176,6,17,272,8,35,27,0,15,26,30,17,0,0,0,0,22,0,0,0,0,0,75,98,57,0,0,0,14,0,0,0,0,0,1,0,51,0,0,39,0,0,0,0,0,0,0,0,38,18,0,0,0,1,0,0,0,9,0,0,12,0,54,0,0,0,0,9,0,6,0,11,0,10,0,3,0,0,0,0,0,0,0,0,0,0,0,0,0,0,0,0,0,0,0,0,9,0,0,4,0,0,0,0,0,0,0,0,0,0,0,0,0,0,0,0,0,0,0,0,0,0,0,0,0,0,0,0,0,0,0,0,0,0,0,0,0,0,0,0,0,0,0,0,0,0,0
10,6,212,66,0,49,14,0,135,64,0,29,123,0,0,0,35,0,43,0,0,0,0,0,0,0,3,0,0,0,35,0,0,0,0,6,0,0,146,0,0,0,0,0,0,0,0,0,0,0,145,0,0,0,0,0,0,0,0,14,0,0,0,0,0,0,0,0,0,51,0,0,0,0,0,0,0,0,0,0,0,0,0,0,0,0,0,0,0,0,0,0,0,0,0,0,0,0,0,0,0,0,0,0,0,0,0,0,0,0,0,0,0,0,0,0,0,0,0,0,0,0,0,0,0,0,0,0,0,0,0,0,0,0,0,0,0,0,0,0,0,0,0,0,0,0,0,0,0
10,7,26,49,7,21,7,18,352,198,0,27,0,33,18,0,9,0,72,4,0,24,0,0,0,0,0,0,0,0,73,0,0,0,0,3,0,0,103,0,0,11,0,0,0,0,2,0,0,0,41,0,0,0,0,23,0,0,0,22,0,0,0,0,0,0,0,0,0,2,0,8,0,12,0,0,3,0,0,2,0,0,0,0,0,0,0,0,0,0,0,0,0,0,0,0,0,0,0,0,0,0,0,0,0,0,0,0,0,0,0,0,0,0,0,0,0,0,0,0,0,0,0,0,0,0,0,0,0,0,0,0,0,0,0,0,0,0,0,0,0,0,0,0,0,0,0,0,0
10,8,15,41,0,111,32,44,189,309,0,131,0,38,0,0,0,0,70,0,0,0,0,18,0,0,0,0,0,0,34,0,0,0,0,0,0,0,17,0,0,16,0,0,0,0,0,0,0,0,12,8,0,0,0,0,0,0,0,0,0,0,0,0,0,0,0,0,0,0,0,9,0,0,0,0,23,0,0,0,0,0,0,0,0,0,0,0,0,0,53,0,0,0,0,0,0,0,0,0,0,0,0,0,0,0,0,0,0,0,0,0,0,0,0,0,0,0,0,0,0,0,0,0,0,0,0,0,0,0,0,0,0,0,0,0,0,0,0,0,0,0,0,0,0,0,0,0,0
10,9,147,131,0,0,0,34,1,324,0,27,206,5,0,0,26,0,0,0,5,4,0,0,0,20,0,0,0,0,0,0,0,0,0,41,0,0,110,0,0,9,0,0,0,0,0,0,0,0,0,10,0,0,0,0,0,0,0,16,0,0,0,0,0,0,0,0,0,0,0,18,2,4,0,0,27,0,0,0,0,0,0,0,0,0,0,0,0,0,0,0,0,0,0,0,0,0,3,0,0,0,0,0,0,0,0,0,0,0,0,0,0,0,0,0,0,0,0,0,0,0,0,0,0,0,0,0,0,0,0,0,0,0,0,0,0,0,0,0,0,0,0,0,0,0,0,0,0
10,10,12,22,0,397,46,26,0,65,0,3,121,55,0,0,0,0,0,0,0,0,0,21,0,0,0,0,0,0,3,0,0,0,0,0,0,0,0,0,0,0,0,0,0,0,0,0,0,0,348,0,0,0,0,3,0,0,0,0,0,0,0,0,0,0,0,0,0,48,0,0,0,0,0,0,0,0,0,0,0,0,0,0,0,0,0,0,0,0,0,0,0,0,0,0,0,0,0,0,0,0,0,0,0,0,0,0,0,0,0,0,0,0,0,0,0,0,0,0,0,0,0,0,0,0,0,0,0,0,0,0,0,0,0,0,0,0,0,0,0,0,0,0,0,0,0,0,0
11,1,83,31,0,69,171,51,288,0,110,0,0,80,0,22,4,4,122,0,0,0,0,0,0,0,14,0,0,0,71,0,0,0,0,0,18,0,0,0,0,0,0,0,0,13,0,0,16,0,0,0,0,0,0,0,0,0,0,0,0,0,0,0,0,0,0,0,0,0,0,0,0,0,0,0,0,0,0,0,0,0,0,2,0,0,0,0,0,0,0,1,0,0,0,0,0,0,0,0,0,0,0,0,0,0,0,0,0,0,0,0,0,0,0,0,0,0,0,0,0,0,0,0,0,0,0,0,0,0,0,0,0,0,0,0,0,0,0,0,0,0,0,0,0,0,0,0,0
11,2,58,36,8,460,126,62,8,21,26,118,0,0,11,12,37,0,4,0,0,4,0,26,0,0,0,0,0,0,7,0,0,0,0,0,0,0,0,0,0,22,0,0,0,0,0,0,0,0,56,0,0,0,0,0,0,0,0,0,0,0,0,0,0,0,0,0,0,8,0,0,0,44,0,0,0,0,0,2,0,0,0,0,0,0,0,0,0,0,0,0,0,0,0,0,0,0,0,14,0,0,0,0,0,0,0,0,0,0,0,0,0,0,0,0,0,0,0,0,0,0,0,0,0,0,0,0,0,0,0,0,0,0,0,0,0,0,0,0,0,0,0,0,0,0,0,0,0
11,3,12,285,4,0,15,41,117,25,4,62,21,201,13,19,0,0,54,17,0,6,3,0,0,0,8,0,0,0,46,0,0,0,0,0,0,0,0,0,0,45,0,0,0,0,1,0,0,0,41,38,0,0,0,5,20,0,0,0,0,0,0,0,0,0,0,0,0,10,0,0,0,55,0,0,1,0,0,0,0,0,1,0,0,0,0,0,0,0,0,0,0,0,0,0,0,0,0,0,0,0,0,0,0,0,0,0,0,0,0,0,0,0,0,0,0,0,0,0,0,0,0,0,0,0,0,0,0,0,0,0,0,0,0,0,0,0,0,0,0,0,0,0,0,0,0,0,0
11,4,14,91,6,375,7,52,31,182,33,33,0,0,36,0,11,0,4,1,0,18,0,2,1,0,13,0,0,0,6,0,0,0,0,31,9,5,0,24,13,7,0,0,0,0,17,0,0,0,0,3,19,0,0,0,0,0,0,0,0,0,0,0,0,0,0,0,0,0,0,2,0,25,0,0,0,0,0,0,38,0,0,0,0,0,0,0,0,0,58,0,0,0,0,0,0,0,0,0,0,0,0,0,0,0,0,0,0,0,0,0,0,0,0,0,0,0,0,0,0,0,0,0,3,0,0,0,0,0,0,0,0,0,0,0,0,0,0,0,0,0,0,0,0,0,0,0,0
11,5,117,133,0,11,9,35,0,315,64,31,0,0,20,0,0,0,0,0,36,14,0,50,0,0,6,0,0,0,0,19,0,0,0,13,5,8,115,46,0,31,0,0,0,0,2,0,0,0,0,0,0,0,0,0,2,0,0,10,0,0,0,0,0,7,0,0,0,0,0,10,0,17,0,0,0,0,0,0,0,0,0,0,0,0,0,0,0,0,0,0,0,0,0,0,0,0,0,0,0,0,0,0,5,36,0,0,0,0,0,0,0,0,0,3,0,0,0,0,0,0,0,0,0,0,0,0,0,0,0,0,0,0,0,0,0,0,0,0,0,0,0,0,0,0,0,0,0
11,6,7,26,126,0,0,32,3,112,200,15,361,7,12,4,19,6,1,0,0,0,0,0,0,0,7,46,0,0,0,0,0,0,0,0,32,10,0,0,11,9,0,0,0,0,1,0,0,0,0,96,0,0,0,19,4,0,0,0,0,0,0,0,0,0,0,0,0,0,0,0,0,0,0,0,0,0,0,4,0,0,0,0,0,0,0,0,0,0,0,0,0,0,0,0,0,0,0,0,0,0,0,0,0,0,0,0,0,0,0,0,0,0,0,0,0,0,0,0,0,0,0,0,0,0,0,0,0,0,0,0,0,0,0,0,0,0,0,0,0,0,0,0,0,0,0,0,0
11,7,16,121,27,139,13,44,141,61,60,5,250,9,43,0,0,0,52,0,0,23,0,40,0,12,0,0,0,0,35,0,0,0,0,5,2,0,0,5,0,41,0,0,0,0,7,0,0,0,1,2,0,0,0,0,0,0,0,0,0,0,0,0,0,0,0,0,0,0,0,0,0,16,0,0,0,0,0,0,0,0,0,0,0,0,0,0,0,0,0,0,0,0,0,0,0,0,0,0,0,0,0,0,0,0,0,0,0,0,0,0,0,0,0,0,0,0,0,0,0,0,0,0,0,0,0,0,0,0,0,0,0,0,0,0,0,0,0,0,0,0,0,0,0,0,0,0,0
11,8,130,95,20,255,7,3,104,77,19,91,0,1,0,47,0,0,84,17,0,0,0,0,0,0,0,0,0,0,2,52,0,0,0,3,3,6,0,0,4,50,0,0,0,0,0,0,25,0,13,0,0,0,27,0,0,0,0,6,0,0,0,0,0,0,0,0,0,6,0,0,0,1,0,0,0,0,0,0,0,0,0,0,0,0,0,0,0,0,0,7,0,0,6,0,0,0,0,7,0,0,0,0,2,0,0,0,0,0,0,0,0,0,0,0,0,0,0,0,0,0,0,0,0,0,0,0,0,0,0,0,0,0,0,0,0,0,0,0,0,0,0,0,0,0,0,0,0
11,9,6,109,24,0,15,34,139,177,25,29,0,0,184,14,2,0,77,0,0,78,0,0,0,0,46,0,0,0,43,0,0,0,0,0,0,0,31,60,0,15,0,0,0,0,44,0,0,0,11,0,0,0,0,0,0,0,0,0,0,0,0,0,0,0,0,0,0,4,0,0,0,3,0,0,0,0,0,0,0,0,0,0,0,0,0,0,0,0,0,0,0,0,0,0,0,0,0,0,0,0,0,0,0,0,0,0,0,0,0,0,0,0,0,0,0,0,0,0,0,0,0,0,0,0,0,0,0,0,0,0,0,0,0,0,0,0,0,0,0,0,0,0,0,0,0,0,0
11,10,47,170,16,0,0,40,162,176,36,147,3,23,34,4,0,0,62,0,0,4,0,0,0,0,0,0,0,0,20,9,0,0,0,0,16,0,0,0,0,28,0,0,0,0,7,0,44,0,0,36,0,0,0,0,30,0,0,0,0,0,0,0,0,0,0,0,0,0,0,25,0,0,0,0,0,0,0,0,0,0,7,0,0,0,0,0,0,0,0,0,0,0,0,0,0,0,0,0,0,0,0,0,0,24,0,0,0,0,0,0,0,0,0,0,0,0,0,0,0,0,0,0,0,0,0,0,0,0,0,0,0,0,0,0,0,0,0,0,0,0,0,0,0,0,0,0,0
12,1,45,187,251,0,4,74,147,35,84,89,0,18,0,0,60,0,41,0,0,0,0,0,0,17,0,0,0,0,32,4,0,0,0,1,15,0,0,0,0,4,0,0,0,0,0,0,0,0,0,0,0,0,0,9,0,0,22,0,0,0,0,0,0,0,0,0,0,0,0,0,3,0,0,0,0,0,0,11,0,0,0,4,0,0,0,0,0,0,0,0,0,0,0,0,0,0,0,3,0,0,0,0,0,0,0,0,0,0,0,0,0,0,0,0,10,0,0,0,0,0,0,0,0,0,0,0,0,0,0,0,0,0,0,0,0,0,0,0,0,0,0,0,0,0,0,0,0
12,3,10,61,45,0,110,81,291,0,1,4,0,0,0,0,0,18,95,0,0,4,0,0,79,43,0,0,0,0,59,83,0,0,0,0,0,0,0,0,0,35,0,0,0,0,3,0,0,0,0,0,15,0,0,0,8,0,0,0,0,0,0,0,0,0,0,0,0,0,0,0,96,0,0,0,0,0,0,0,0,0,0,0,0,0,0,0,0,0,0,0,0,0,0,0,0,0,0,0,0,0,0,0,0,0,0,0,0,15,0,0,0,0,0,0,14,0,0,0,0,0,0,0,0,0,0,0,0,0,0,0,0,0,0,0,0,0,0,0,0,0,0,0,0,0,0,0,0
12,5,35,99,28,4,176,132,177,12,14,0,0,5,0,0,28,4,84,0,0,0,0,0,2,0,0,0,0,0,30,90,0,0,0,2,0,0,0,126,0,0,0,0,0,0,0,0,0,0,0,0,0,0,0,2,0,0,0,0,0,0,0,0,0,0,0,0,0,0,0,0,102,0,0,0,0,0,0,0,0,0,0,0,0,8,0,0,0,0,0,0,0,0,0,0,0,0,0,0,0,0,0,0,0,0,0,0,0,10,0,0,0,0,0,0,0,0,0,0,0,0,0,0,0,0,0,0,0,0,0,0,0,0,0,0,0,0,0,0,0,0,0,0,0,0,0,0,0
12,6,262,83,92,0,62,0,0,180,19,2,137,0,0,0,31,0,0,0,0,0,0,0,16,83,10,0,0,0,0,89,0,0,0,10,6,4,0,3,0,26,0,0,0,6,0,0,0,0,0,0,0,0,0,5,0,0,0,0,0,0,0,0,22,0,0,0,0,0,0,0,9,0,0,0,0,0,0,0,0,0,0,0,0,0,0,0,0,0,0,0,0,0,0,0,0,0,8,0,0,5,0,0,0,0,0,0,0,0,0,0,0,0,0,0,0,0,0,0,0,0,0,0,0,0,0,0,0,0,0,0,0,0,0,0,0,0,0,0,0,0,0,0,0,0,0,0,0
12,7,99,0,353,0,86,38,12,35,31,30,0,1,0,0,25,124,19,32,0,6,0,0,52,49,4,0,0,0,0,75,0,0,0,7,8,0,0,0,0,0,0,0,0,0,0,0,0,0,0,53,0,0,2,3,0,0,0,0,0,0,0,0,0,0,12,0,0,0,0,0,0,0,0,0,0,0,0,0,0,0,0,0,0,0,0,0,0,0,0,0,0,0,0,0,0,0,0,0,0,0,0,0,0,0,0,0,0,0,0,0,0,0,0,0,0,0,11,0,0,0,0,0,0,0,0,0,3,0,0,0,0,0,0,0,0,0,0,0,0,0,0,0,0,0,0,0,0
12,8,124,59,34,0,78,14,243,29,0,51,0,0,0,0,0,0,79,21,0,0,0,0,23,0,0,0,0,0,44,140,0,0,0,8,0,0,0,56,0,64,0,0,0,0,0,6,0,0,0,0,0,0,0,0,0,0,14,0,0,0,0,0,0,0,18,0,0,0,0,0,52,0,0,0,0,0,0,0,0,1,0,0,0,0,0,0,5,0,0,0,0,0,0,0,0,0,0,0,0,0,0,0,0,0,0,0,0,1,0,0,0,0,0,0,0,0,6,0,0,0,0,0,0,0,0,0,0,0,0,0,0,0,0,0,0,0,0,0,0,0,0,0,0,0,0,0,0
12,9,86,421,54,0,6,66,97,0,0,136,0,0,0,0,4,4,79,0,0,0,0,0,28,44,0,0,0,0,28,82,0,0,0,0,0,0,0,0,0,0,0,0,0,0,0,0,0,0,0,0,0,0,0,0,0,0,23,0,0,0,0,0,0,0,6,0,0,0,0,0,0,0,0,0,0,0,0,0,0,0,0,0,0,0,0,0,4,0,0,0,2,0,0,0,0,0,0,0,0,0,0,0,0,0,0,0,0,0,0,0,0,0,0,0,0,0,0,0,0,0,0,0,0,0,0,0,0,0,0,0,0,0,0,0,0,0,0,0,0,0,0,0,0,0,0,0,0
12,10,97,33,42,0,34,2,124,108,0,6,0,0,0,0,143,9,40,0,0,0,0,0,59,84,0,0,0,0,18,44,0,0,0,23,0,0,171,97,0,0,0,0,0,0,0,0,0,0,0,0,0,0,0,0,0,0,0,14,0,0,0,0,0,0,0,0,0,0,0,0,0,0,0,0,0,0,0,0,0,0,0,0,0,0,0,0,0,0,0,0,0,2,0,0,0,0,0,0,0,20,0,0,0,0,0,0,0,0,0,0,0,0,0,0,0,0,0,0,0,0,0,0,0,0,0,0,0,0,0,0,0,0,0,0,0,0,0,0,0,0,0,0,0,0,0,0,0
13,1,116,106,26,0,175,177,67,74,5,0,0,23,0,0,0,0,45,138,0,0,0,0,0,61,0,0,0,0,18,21,0,0,0,14,0,0,48,23,0,12,0,0,0,0,0,0,0,0,0,0,0,0,0,0,0,0,0,18,0,0,3,0,0,0,0,0,0,0,0,0,0,0,0,0,0,0,0,0,0,0,0,0,0,0,0,0,0,0,0,0,0,0,0,0,0,0,0,0,0,0,0,0,0,0,0,0,0,0,0,0,0,0,0,0,0,0,0,0,0,0,0,0,0,0,0,0,0,0,0,0,0,0,0,0,0,0,0,0,0,0,0,0,0,0,0,0,0
13,2,0,87,9,0,48,85,31,0,45,47,527,137,6,0,0,0,20,0,0,8,0,0,0,10,0,0,0,0,9,46,0,0,0,0,9,0,34,0,0,2,0,0,0,0,0,0,0,0,0,0,0,0,0,0,0,0,0,0,0,0,0,0,0,0,0,0,0,0,0,0,0,0,0,0,0,0,0,0,0,0,0,0,0,0,0,0,0,0,0,0,0,0,0,0,0,0,0,10,0,0,0,0,0,0,0,0,0,0,0,0,0,0,0,0,0,0,0,0,0,0,0,0,0,0,0,0,0,0,0,0,0,0,0,0,0,0,0,0,0,0,0,0,0,0,0,0,0
13,3,2,67,68,70,81,75,103,76,25,221,48,0,0,0,0,0,26,0,0,0,0,0,0,7,0,0,0,0,29,5,0,0,0,19,3,0,70,0,0,2,0,0,0,0,0,0,0,0,0,0,0,0,0,47,0,0,0,15,0,0,0,0,0,0,0,0,0,0,0,0,0,0,0,0,0,0,0,17,0,0,0,0,0,0,0,0,0,0,0,37,0,0,0,0,0,0,0,57,0,0,0,0,0,0,0,0,0,0,0,0,0,0,0,0,0,0,0,0,0,0,0,0,0,0,0,0,0,0,0,0,0,0,0,0,0,0,0,0,0,0,0,0,0,0,0,0,0
13,4,12,96,74,205,161,57,83,62,0,0,18,0,0,0,3,0,34,0,0,0,0,12,33,0,0,0,0,0,30,78,0,0,0,19,0,0,63,20,0,0,0,0,0,0,0,0,0,0,0,8,0,0,0,42,0,0,0,5,0,0,0,0,12,0,0,0,0,0,11,0,0,0,0,0,0,0,0,7,0,0,0,0,0,0,0,0,0,0,0,19,0,0,0,0,0,0,0,2,0,4,0,0,0,0,0,0,0,0,0,0,0,0,0,0,0,0,0,0,0,0,0,0,0,0,0,0,0,0,0,0,0,0,0,0,0,0,0,0,0,0,0,0,0,0,0,0,0
13,5,20,286,3,8,24,109,91,70,0,0,36,7,5,0,0,0,85,0,0,0,0,0,0,217,0,0,0,0,37,0,0,0,0,0,0,0,22,21,0,11,0,0,0,3,0,0,0,0,0,0,0,0,0,68,0,0,7,0,0,0,0,0,0,0,0,5,0,0,6,0,0,0,0,0,0,0,0,15,0,0,0,0,0,0,0,0,0,0,0,0,0,0,0,0,0,0,9,0,0,3,2,0,0,0,0,0,0,0,0,0,0,0,0,0,0,0,0,0,0,0,0,0,0,0,0,0,0,0,0,0,0,0,0,0,0,0,0,0,0,0,0,0,0,0,0,0,0
13,6,11,81,0,0,146,66,190,72,0,0,207,7,0,0,28,0,74,0,0,0,0,0,0,0,0,0,0,0,34,0,0,0,0,16,0,0,207,11,0,0,0,0,0,2,0,0,0,0,0,0,0,0,0,0,0,0,0,18,0,0,0,0,0,0,0,0,0,0,0,0,0,0,0,0,0,0,0,0,0,0,0,0,0,0,0,0,0,0,0,0,0,0,0,0,0,0,0,0,0,0,0,0,0,0,0,0,0,0,0,0,0,0,0,0,0,0,0,0,0,0,0,0,0,0,0,0,0,0,0,0,0,0,0,0,0,0,0,0,0,0,0,0,0,0,0,0,0
13,7,7,0,327,0,18,16,79,170,0,14,0,14,0,0,0,2,4,0,0,0,0,0,206,0,0,0,0,0,6,16,0,0,0,52,0,0,0,18,0,0,0,0,0,0,0,0,0,139,0,0,0,0,0,16,0,0,0,0,0,0,2,0,54,0,0,0,0,0,5,0,0,0,0,0,0,0,0,5,0,0,0,0,0,0,0,0,0,0,0,0,0,0,0,0,0,0,0,0,0,0,0,0,0,0,0,0,0,0,0,0,0,0,0,0,0,0,0,0,0,0,0,0,0,0,0,0,0,0,0,0,0,0,0,0,0,0,0,0,0,0,0,0,0,0,0,0,0
13,8,255,9,117,0,28,2,175,106,0,2,0,0,0,0,0,0,33,0,0,0,0,0,3,210,0,0,0,0,30,0,0,0,0,6,0,0,112,28,0,0,0,0,0,0,0,0,0,0,0,0,0,0,0,15,0,0,0,11,0,0,7,0,0,0,0,0,0,0,4,0,0,0,0,0,0,7,0,6,0,0,0,0,0,0,0,0,0,0,0,0,0,0,0,0,0,0,0,0,0,0,0,0,0,0,0,0,0,0,0,0,4,0,0,0,0,0,0,0,0,0,0,0,0,0,0,0,0,0,0,0,0,0,0,0,0,0,0,0,0,0,0,0,0,0,0,0,0
13,9,151,76,16,0,59,53,124,76,0,1,78,64,0,0,0,0,38,0,0,0,0,0,0,325,0,0,0,0,30,0,0,0,0,18,0,0,0,38,0,6,0,0,0,0,0,0,0,0,0,0,0,0,0,0,0,0,0,0,0,0,0,0,0,0,0,0,0,0,0,0,0,0,0,0,0,0,0,0,0,0,0,0,0,0,0,0,0,0,0,0,0,0,0,0,0,0,4,0,0,9,0,0,0,0,0,0,0,0,0,0,4,0,0,0,0,0,0,0,0,0,0,0,0,0,0,0,0,0,0,0,0,0,0,0,0,0,0,0,0,0,0,0,0,0,0,0,0
13,10,89,85,109,0,50,45,6,81,0,66,41,55,0,0,0,0,8,0,0,0,0,0,106,110,31,0,0,0,12,18,0,0,0,13,0,0,146,10,0,4,0,0,0,0,0,0,0,0,0,41,0,0,0,1,0,0,0,19,0,0,0,0,0,0,0,0,0,0,7,0,0,0,0,0,0,0,0,0,0,0,0,0,0,0,0,0,0,0,0,0,0,0,0,0,0,0,0,5,0,12,0,0,0,0,0,0,0,0,0,0,0,0,0,0,0,0,0,0,0,0,0,0,0,0,0,0,0,0,0,0,0,0,0,0,0,0,0,0,0,0,0,0,0,0,0,0,0
14,1,40,98,92,18,276,52,183,0,0,0,0,1,0,0,0,9,71,0,0,0,0,0,161,0,25,0,0,0,47,8,0,0,0,0,0,0,0,30,0,18,0,0,0,0,0,0,0,0,0,0,0,0,0,26,0,0,0,0,0,0,0,0,0,0,0,0,0,0,0,0,0,0,0,0,0,0,0,3,0,0,0,0,0,0,0,0,0,0,0,0,6,0,0,0,0,0,2,0,0,4,0,0,0,0,0,0,0,0,0,0,0,0,0,0,0,0,0,0,0,0,0,0,0,0,0,0,0,0,0,0,0,0,0,0,0,0,0,0,0,0,0,0,0,0,0,0,0
14,2,144,166,50,0,83,61,176,16,0,2,0,0,3,0,0,27,57,0,0,0,0,0,94,0,12,0,0,0,44,0,0,0,0,0,0,0,33,84,0,0,0,0,0,0,0,0,0,0,0,8,0,0,0,59,0,0,0,4,0,0,0,0,0,0,0,0,0,0,3,0,21,0,0,0,0,0,0,10,0,0,0,0,0,0,0,0,0,0,0,0,0,0,0,0,0,0,0,0,0,0,3,0,0,0,0,0,0,0,0,0,0,0,0,0,0,0,0,0,0,0,0,0,0,0,0,0,10,0,0,0,0,0,0,0,0,0,0,0,0,0,0,0,0,0,0,0,0
14,3,31,167,47,0,109,61,96,0,157,0,0,3,0,0,0,12,51,0,0,0,0,0,111,0,0,0,0,0,13,0,0,0,0,0,20,0,151,17,0,9,0,0,0,0,0,0,0,0,0,0,0,0,0,5,0,0,0,11,0,0,0,0,60,0,0,0,0,0,0,0,0,0,0,0,0,0,0,0,0,0,0,0,0,0,0,0,0,0,0,0,15,0,0,0,0,0,0,0,0,0,24,0,0,0,0,0,0,0,0,0,0,0,0,0,0,0,0,0,0,0,0,0,0,0,0,0,0,0,0,0,0,0,0,0,0,0,0,0,0,0,0,0,0,0,0,0,0
14,4,51,59,193,0,98,58,109,0,0,51,0,44,0,0,43,53,44,0,0,0,0,0,104,202,0,0,0,0,18,0,0,0,0,0,0,0,18,0,0,0,0,0,0,0,0,0,0,0,0,0,0,0,0,0,0,0,0,0,0,0,0,0,0,0,0,0,0,0,0,0,0,0,0,0,0,0,0,0,0,0,0,0,0,0,0,0,3,0,0,0,0,0,11,0,0,0,0,0,0,0,0,0,0,0,0,0,0,0,0,0,0,0,0,0,11,0,0,0,0,0,0,0,0,0,0,0,0,0,0,0,0,0,0,0,0,0,0,0,0,0,0,0,0,0,0,0,0
14,5,35,96,168,0,172,152,142,0,33,2,0,13,0,0,4,8,65,0,0,0,0,0,0,0,0,0,0,0,35,60,0,0,0,0,41,0,110,3,0,0,0,0,0,0,0,0,0,0,0,0,0,0,0,0,0,0,0,21,0,0,0,0,0,0,0,0,0,0,0,0,0,0,0,0,0,0,0,0,0,0,0,10,0,0,0,0,0,0,0,0,0,0,0,0,0,0,0,0,0,0,0,0,0,0,0,0,0,0,0,0,0,0,0,0,0,0,0,0,0,0,0,0,0,0,0,0,0,0,0,0,0,0,0,0,0,0,0,0,0,0,0,0,0,0,0,0,0
14,6,110,0,19,18,0,104,255,8,61,29,0,0,0,0,0,11,87,0,0,0,0,0,231,0,3,0,0,0,75,15,0,0,0,0,13,0,0,4,0,21,0,0,0,0,0,0,0,0,0,0,0,0,0,59,0,0,0,0,0,0,0,0,0,0,0,0,0,0,0,0,0,10,0,0,0,0,0,5,0,0,0,0,0,0,0,0,0,0,0,0,0,0,8,0,0,0,0,0,0,0,0,0,0,0,0,0,0,0,0,1,0,0,0,0,23,0,0,0,0,0,0,0,0,0,0,0,0,0,0,0,0,0,0,0,0,0,0,0,0,0,0,0,0,0,0,0,0
14,7,43,0,107,0,32,15,87,214,0,0,0,0,0,7,0,12,30,0,0,0,0,0,184,236,0,0,0,0,16,0,0,0,0,39,0,0,4,19,0,23,0,0,0,0,0,0,0,0,0,0,0,0,0,7,0,0,10,0,0,0,0,0,48,0,0,0,0,0,0,0,25,0,0,0,0,0,0,0,0,0,0,0,0,0,0,0,0,0,0,0,1,0,0,0,0,0,3,0,0,4,0,0,0,0,0,0,0,0,0,0,0,0,0,0,4,0,0,0,0,0,0,0,0,0,0,0,0,0,0,0,0,0,0,0,0,0,0,0,0,0,0,0,0,0,0,0,0
14,8,178,0,115,15,93,50,65,0,5,10,0,6,69,0,230,35,25,0,0,54,0,0,84,0,0,0,0,0,6,1,0,0,0,0,4,0,46,5,0,0,0,0,0,0,22,0,0,0,0,0,0,0,0,2,0,0,0,14,0,0,19,0,0,0,0,0,0,0,0,0,0,0,0,8,0,5,0,0,0,0,0,0,0,0,0,0,0,0,0,0,4,0,0,0,0,0,0,0,0,0,0,0,0,0,0,0,0,0,0,0,0,0,0,0,0,0,0,0,0,0,0,0,0,0,0,0,0,0,0,0,0,0,0,0,0,0,0,0,0,0,0,0,0,0,0,0,0
14,9,61,0,172,0,270,2,47,0,0,0,0,0,0,0,0,17,7,0,0,0,0,0,169,209,0,0,0,0,7,0,0,0,0,0,0,0,0,40,0,18,0,0,0,0,0,0,0,0,0,0,0,0,0,1,0,0,0,0,0,0,0,0,0,0,0,0,0,0,0,0,55,81,0,0,0,0,0,0,0,0,0,0,0,0,0,0,0,0,0,0,0,0,0,0,0,0,0,0,0,0,0,0,0,0,0,0,0,9,0,0,0,0,0,0,5,0,0,0,0,0,0,0,0,0,0,0,0,0,0,0,0,0,0,0,0,0,0,0,0,0,0,0,0,0,0,0,0
15,1,18,70,0,0,0,0,26,146,6,0,523,19,5,0,0,0,7,0,26,3,0,55,0,0,28,0,0,0,2,0,0,0,0,21,0,0,32,0,0,0,0,0,0,0,2,0,0,0,0,0,101,0,61,0,0,0,0,0,0,0,0,0,0,0,0,0,0,0,19,0,0,0,0,0,0,0,0,0,0,0,0,0,0,0,0,0,0,0,0,0,0,0,0,0,0,0,0,0,0,0,0,0,0,0,0,0,0,0,0,0,0,0,0,0,0,0,0,0,0,0,0,0,0,0,0,0,0,0,0,0,0,0,0,0,0,0,0,0,0,0,0,0,0,0,0,0,0
15,2,126,86,0,21,21,0,14,53,31,0,444,48,7,0,0,0,0,31,0,7,17,0,0,93,36,0,0,0,3,0,0,0,0,0,0,19,0,1,4,0,0,15,0,12,0,0,0,0,9,0,0,0,0,0,21,0,0,0,0,0,0,0,0,0,0,0,0,0,0,0,0,16,0,0,0,0,0,0,0,0,4,0,20,0,0,0,0,0,0,0,0,0,0,0,0,0,0,0,0,0,0,0,0,0,0,0,0,0,0,0,0,0,0,0,0,0,0,0,0,0,11,0,0,0,0,0,0,0,0,0,0,0,0,0,0,0,0,0,0,0,0,0,0,0,0,0,0
15,3,77,133,32,205,70,22,0,218,3,37,0,22,9,0,13,0,0,0,36,5,16,0,0,0,0,0,0,0,0,0,0,0,0,46,0,0,84,0,0,0,0,0,0,0,0,0,0,0,0,0,0,0,0,88,0,0,0,19,0,0,0,0,0,0,0,0,0,0,0,0,0,0,0,0,0,0,0,24,0,0,0,0,0,0,0,0,4,0,0,0,0,0,0,0,0,0,0,0,0,0,0,0,0,0,7,0,0,0,0,0,0,0,0,0,0,0,0,0,0,0,0,0,0,0,0,0,0,0,0,0,0,0,0,0,0,0,0,0,0,0,0,0,0,0,0,0,0
15,4,0,84,0,0,0,19,14,485,0,12,371,64,0,0,19,0,0,0,0,0,0,0,0,0,35,0,0,0,0,0,0,0,0,38,0,0,22,0,0,0,0,1,0,0,0,0,0,0,0,0,0,0,0,0,0,0,0,6,0,0,0,0,0,0,0,0,0,0,0,0,0,0,0,0,0,0,0,0,0,0,0,0,0,0,0,0,0,0,0,0,0,0,0,0,0,0,0,0,0,0,0,0,0,0,0,0,0,0,0,0,0,0,0,0,0,0,0,0,0,0,0,0,0,0,0,0,0,0,0,0,0,0,0,0,0,0,0,0,0,0,0,0,0,0,0,0,0
15,5,132,98,170,0,6,0,8,117,0,24,386,0,0,0,8,62,22,0,0,0,0,0,2,0,5,0,0,0,13,0,0,0,0,24,0,0,0,0,0,0,0,0,0,0,0,0,0,0,39,27,0,0,0,7,0,0,0,0,0,0,0,0,0,0,0,0,0,4,0,0,0,0,0,0,0,0,0,0,0,0,0,0,0,0,0,0,0,0,0,0,0,0,0,0,0,0,0,0,0,4,0,0,0,0,0,0,0,0,0,0,0,0,0,0,4,0,0,0,0,0,0,0,0,8,0,0,0,0,0,0,0,0,0,0,0,0,0,0,0,0,0,0,0,0,0,0,0
15,6,81,242,19,0,7,20,4,542,0,0,68,2,3,0,0,0,0,19,0,0,0,0,0,2,17,0,0,4,0,0,0,0,0,0,0,0,0,65,0,0,0,0,0,9,0,0,0,0,54,0,0,0,0,0,0,0,0,0,0,0,0,0,0,0,0,0,0,6,0,0,0,0,0,0,0,0,0,0,0,0,0,0,0,0,0,0,0,0,0,0,0,0,0,0,0,0,0,0,0,6,0,0,0,0,0,0,0,0,0,0,0,0,0,0,0,0,0,0,0,0,0,0,0,0,0,0,0,0,0,0,0,0,0,0,0,0,0,0,0,0,0,0,0,0,0,0,0
15,7,34,43,0,0,17,5,23,328,35,0,380,12,0,0,0,0,5,21,0,0,0,0,0,0,1,0,0,0,10,0,0,0,0,45,0,4,113,0,1,0,0,9,0,0,0,0,0,0,0,0,0,6,50,0,0,0,0,9,0,0,0,0,0,0,0,0,0,0,0,16,0,0,0,0,0,0,0,0,0,0,0,0,2,0,0,0,0,0,0,0,0,0,0,0,0,0,0,0,0,0,0,0,0,0,1,0,0,0,0,0,0,0,0,0,0,0,0,0,0,0,0,0,0,0,0,0,0,0,0,0,0,0,0,0,0,0,0,0,0,0,0,0,0,0,0,0,0
15,8,4,164,35,0,0,41,34,472,0,38,144,4,0,0,0,0,19,0,0,0,0,0,7,80,0,0,0,0,0,0,0,0,0,104,0,0,0,9,0,0,0,0,0,0,0,0,0,0,0,0,0,0,0,0,0,0,0,8,0,0,0,0,0,0,0,0,0,0,0,0,0,0,0,0,0,0,0,0,0,0,0,0,0,0,0,0,0,0,0,0,0,0,0,0,0,0,0,0,0,7,0,0,0,0,0,0,0,0,0,0,0,0,0,0,0,0,0,0,0,0,0,0,0,0,0,0,0,0,0,0,0,0,0,0,0,0,0,0,0,0,0,0,0,0,0,0,0
15,9,3,223,0,4,139,0,78,15,0,27,341,96,0,14,0,0,25,0,0,0,0,0,0,0,16,0,0,0,23,0,0,0,0,3,0,0,0,0,0,0,0,7,0,7,0,0,0,0,0,0,0,0,0,0,0,0,0,0,0,0,0,0,0,0,0,0,0,0,0,40,0,8,0,0,0,0,0,0,0,0,0,0,89,0,0,0,0,0,0,0,0,0,0,0,0,0,0,0,0,0,0,0,0,0,0,0,0,0,0,0,0,0,0,0,0,0,0,0,0,0,12,0,0,0,0,0,0,0,0,0,0,0,0,0,0,0,0,0,0,0,0,0,0,0,0,0,0
15,10,0,78,0,0,13,16,67,185,34,19,310,72,12,0,0,0,32,2,66,2,126,0,0,0,66,0,0,0,14,4,0,0,0,29,0,0,17,0,0,0,0,0,0,0,6,0,0,0,0,0,0,0,0,0,0,0,0,0,0,0,0,0,0,0,0,0,0,0,0,0,0,0,0,0,0,0,0,0,0,0,0,0,0,0,0,0,0,0,0,0,0,0,0,0,0,0,0,0,0,0,0,0,0,0,0,0,0,0,0,0,0,0,0,0,0,0,0,0,0,0,0,0,0,0,0,0,0,0,0,0,0,0,0,0,0,0,0,0,0,0,0,0,0,0,0,0,0
16,1,0,0,10,6,99,98,328,0,0,0,0,3,206,0,0,0,101,0,0,151,0,0,0,0,0,0,0,0,59,0,0,0,23,0,0,0,0,1,0,0,49,0,19,0,0,0,17,0,0,0,0,0,0,0,0,0,0,0,0,0,0,0,0,0,0,0,0,0,0,0,0,0,0,0,0,0,0,0,0,0,0,0,0,0,0,0,0,0,0,0,0,0,0,0,0,0,0,0,0,0,0,0,0,0,0,0,0,0,0,0,0,0,0,0,0,0,0,0,0,0,0,0,0,0,0,0,0,0,0,0,0,0,0,0,0,0,0,0,0,0,0,0,0,0,0,0,0
16,2,0,0,104,35,60,0,111,0,0,0,0,0,63,0,0,6,60,0,0,14,2,241,0,0,0,0,0,0,5,0,0,0,45,0,0,0,0,151,0,0,0,20,0,0,15,0,234,0,0,0,0,0,0,0,0,0,0,0,0,0,0,0,0,0,0,0,0,0,0,4,0,0,0,0,0,0,0,0,0,0,0,0,0,0,0,0,0,0,0,0,0,0,0,0,0,0,0,0,0,0,0,0,0,0,0,0,0,0,0,0,0,0,0,0,0,0,0,0,0,0,0,0,0,0,0,0,0,0,0,0,0,0,0,0,0,0,0,0,0,0,0,0,0,0,0,0,0
16,3,0,0,85,0,113,0,47,0,0,0,0,0,567,0,0,0,19,0,0,99,0,0,0,0,0,0,0,0,0,0,0,0,8,0,0,0,0,20,0,0,0,0,0,0,134,0,0,0,0,0,0,0,0,0,0,0,0,0,0,0,0,0,0,0,0,78,0,0,0,0,0,0,0,0,0,0,0,0,0,0,0,0,0,0,0,0,0,0,0,0,0,0,0,0,0,0,0,0,0,0,0,0,0,0,0,0,0,0,0,0,0,0,0,0,0,0,0,0,0,0,0,0,0,0,0,0,0,0,0,0,0,0,0,0,0,0,0,0,0,0,0,0,0,0,0,0,0
16,4,0,0,9,8,94,54,237,0,29,3,0,3,299,0,0,0,96,0,0,56,29,0,0,0,0,0,0,0,64,0,0,0,49,0,0,0,0,63,0,0,0,10,5,0,62,0,0,0,0,0,0,0,0,0,0,0,0,0,0,0,0,0,0,0,0,0,0,0,0,0,0,0,0,0,0,0,0,0,0,0,0,0,0,0,0,0,0,0,0,0,0,0,0,0,0,0,0,0,0,0,0,0,0,0,0,0,0,0,0,0,0,0,0,0,0,0,0,0,0,0,0,0,0,0,0,0,0,0,0,0,0,0,0,0,0,0,0,0,0,0,0,0,0,0,0,0,0
16,5,0,0,86,231,27,50,224,0,41,0,0,0,149,0,0,0,69,0,0,63,18,14,0,0,0,0,0,0,33,0,4,0,61,0,18,0,0,42,0,0,0,0,0,0,39,0,1,0,0,0,0,0,0,0,0,0,0,0,0,0,0,0,0,0,0,0,0,0,0,0,0,0,0,0,0,0,0,0,0,0,0,0,0,0,0,0,0,0,0,0,0,0,0,0,0,0,0,0,0,0,0,0,0,0,0,0,0,0,0,0,0,0,0,0,0,0,0,0,0,0,0,0,0,0,0,0,0,0,0,0,0,0,0,0,0,0,0,0,0,0,0,0,0,0,0,0,0
16,6,0,0,49,0,99,10,273,3,20,0,0,13,212,0,0,7,64,0,0,54,26,0,0,0,0,2,0,0,41,0,204,0,30,0,4,0,0,0,0,0,0,0,0,0,55,0,0,0,4,0,0,0,0,0,0,0,0,0,0,0,0,0,0,0,0,0,0,0,0,0,0,0,0,0,0,0,0,0,0,0,0,0,0,0,0,0,0,0,0,0,0,0,0,0,0,0,0,0,0,0,0,0,0,0,0,0,0,0,0,0,0,0,0,0,0,0,0,0,0,0,0,0,0,0,0,0,0,0,0,0,0,0,0,0,0,0,0,0,0,0,0,0,0,0,0,0,0
16,7,0,0,59,31,183,3,247,0,2,0,0,14,106,0,0,18,152,0,0,24,61,0,0,0,0,0,0,0,41,0,100,0,7,0,0,0,0,32,0,0,0,0,0,0,28,0,25,0,0,0,0,0,0,0,0,0,0,0,8,0,0,0,0,0,0,0,0,0,0,0,0,0,0,0,0,0,0,0,0,0,0,0,0,0,0,0,0,0,0,0,0,28,0,0,0,0,0,0,0,0,0,0,0,0,0,0,0,0,0,0,0,0,0,0,0,0,0,0,0,0,0,0,0,0,0,0,0,0,0,0,0,0,0,0,0,0,0,0,1,0,0,0,0,0,0,0,0
16,8,0,0,30,22,93,89,184,0,3,3,0,5,174,0,4,0,92,0,0,43,11,0,0,0,0,0,0,0,39,0,0,0,16,0,0,0,0,338,0,0,0,0,0,0,24,0,0,0,0,0,0,0,0,0,0,0,0,0,0,0,0,0,0,0,0,0,0,0,0,0,0,0,0,0,0,0,0,0,0,0,0,0,0,0,0,0,0,0,0,0,0,0,0,0,0,0,0,0,0,0,0,0,0,0,0,0,0,0,0,0,0,0,0,0,0,0,0,0,0,0,0,0,0,0,0,0,0,0,0,0,0,0,0,0,0,0,0,0,0,0,0,0,0,0,0,0,0
16,9,44,0,156,121,84,146,81,0,27,0,0,5,63,0,0,88,34,30,0,15,21,0,0,0,0,27,0,0,14,0,0,5,42,0,7,0,0,53,0,0,0,0,0,0,24,0,30,0,0,0,0,0,0,0,0,0,0,0,53,0,0,0,0,0,0,0,0,0,0,0,0,0,0,0,0,0,0,0,0,0,0,0,0,0,0,0,0,0,0,0,0,0,0,0,0,0,0,0,0,0,0,0,0,0,0,0,0,0,0,0,0,0,0,0,0,0,0,0,0,0,0,0,0,0,0,0,0,0,0,0,0,0,0,0,0,0,0,0,0,0,0,0,0,0,0,0,0
16,10,4,0,7,182,177,11,101,0,0,0,0,9,291,0,0,14,34,7,0,70,16,65,0,0,0,54,0,0,18,0,0,0,29,0,0,0,0,0,0,0,0,0,0,0,80,0,1,0,0,0,0,0,0,0,0,0,0,0,0,0,0,0,0,0,0,0,0,0,0,0,0,0,0,0,0,0,0,0,0,0,0,0,0,0,0,0,0,0,0,0,0,0,0,0,0,0,0,0,0,0,0,0,0,0,0,0,0,0,0,0,0,0,0,0,0,0,0,0,0,0,0,0,0,0,0,0,0,0,0,0,0,0,0,0,0,0,0,0,0,0,0,0,0,0,0,0,0
17,1,136,63,16,57,46,4,388,0,8,19,0,40,0,0,18,2,130,0,0,0,0,0,0,46,0,0,0,0,86,35,0,8,0,0,0,0,0,0,0,0,0,0,0,0,0,0,0,0,0,0,0,0,0,25,0,0,0,0,0,0,0,0,0,0,0,0,0,0,0,0,0,0,0,0,0,0,0,14,0,0,0,0,0,0,0,0,0,0,0,0,27,0,0,0,0,0,0,0,0,0,0,0,0,0,0,0,0,0,0,0,2,0,0,0,0,0,0,0,0,0,0,0,0,0,0,0,0,0,0,0,0,0,0,0,0,0,0,0,0,0,0,0,0,0,0,0,0
17,2,41,0,55,0,182,151,26,0,0,14,0,3,0,0,0,0,4,0,0,0,0,0,190,0,8,0,0,288,0,0,0,0,0,0,0,0,67,25,0,0,0,5,0,0,0,0,0,0,0,0,0,0,0,0,0,0,0,19,0,0,0,13,0,0,0,0,0,0,0,0,0,0,0,0,0,0,0,0,0,0,0,0,0,0,0,0,0,0,0,0,41,0,0,0,0,0,0,0,0,0,0,0,0,0,0,0,0,0,37,0,0,0,0,0,0,0,0,0,0,0,0,0,0,0,0,0,0,0,1,0,0,0,0,0,0,0,0,0,0,0,0,0,0,0,0,0,0
17,3,53,148,51,0,79,32,163,0,0,44,0,89,0,0,0,0,50,0,0,0,0,0,0,0,20,0,0,0,39,95,0,0,0,0,0,0,215,0,0,0,0,0,0,0,0,0,0,0,0,0,0,0,0,0,0,0,0,40,0,0,31,0,0,0,0,0,0,0,0,0,0,0,0,11,0,8,0,0,0,0,0,0,0,0,0,0,0,0,0,0,0,0,0,0,0,0,0,2,0,0,0,0,0,0,0,0,0,0,0,0,0,0,0,0,0,0,0,0,0,0,0,0,0,0,0,0,0,0,0,0,0,0,0,0,0,0,0,0,0,0,0,0,0,0,0,0,0
17,4,117,195,0,44,62,44,125,0,0,0,0,188,23,0,0,0,44,59,0,25,0,0,0,20,25,0,0,0,31,4,0,0,0,0,0,0,0,5,0,0,0,42,0,3,5,0,0,0,0,0,0,0,0,0,0,0,0,0,0,0,67,0,0,0,0,0,0,0,0,0,0,0,0,23,0,19,0,0,0,0,0,0,0,0,0,0,0,0,0,0,0,0,0,0,0,0,0,0,0,0,0,0,0,0,0,0,0,0,0,0,0,0,0,0,0,0,0,0,0,0,0,0,0,0,0,0,0,0,0,0,0,0,0,0,0,0,0,0,0,0,0,0,0,0,0,0,0
17,5,329,0,0,0,39,40,103,0,0,35,0,162,4,0,0,0,36,108,0,3,60,0,0,61,36,0,0,0,25,1,0,0,0,0,0,0,0,0,0,0,0,0,0,115,0,0,0,0,0,0,0,0,0,0,0,0,0,0,0,0,0,0,0,0,0,0,0,0,0,0,0,5,0,0,0,0,0,0,0,0,0,0,0,0,0,0,0,0,0,0,0,0,0,0,7,0,0,0,0,0,0,0,0,0,0,0,0,0,0,0,0,0,0,0,0,0,0,0,0,0,0,0,0,0,0,0,0,0,0,0,0,0,1,0,0,0,0,0,0,0,0,0,0,0,0,0,0
17,6,65,50,0,50,38,13,253,0,110,57,0,40,9,0,0,93,116,49,0,9,0,0,0,58,8,0,0,0,71,0,0,2,0,0,62,0,0,0,0,0,0,0,0,7,0,0,0,0,0,0,0,0,0,0,0,0,0,0,0,0,0,0,0,0,0,0,0,0,0,0,0,0,0,0,0,0,0,0,0,0,0,0,0,0,0,0,0,0,0,0,0,0,0,0,0,0,0,10,0,0,0,0,0,0,0,0,0,0,0,0,0,0,0,0,0,0,0,0,0,0,0,0,0,0,0,0,0,0,0,0,0,0,0,0,0,0,0,0,0,0,0,0,0,0,0,0,0
17,7,210,135,8,16,64,15,80,76,0,56,0,193,0,0,10,11,53,0,0,0,12,0,0,4,12,12,0,0,0,21,0,0,0,26,0,0,0,0,0,0,0,0,0,81,0,0,0,0,0,0,0,0,0,25,0,0,0,0,0,0,4,0,0,0,0,0,0,0,0,0,0,0,0,13,0,5,0,0,0,0,0,0,0,0,0,0,0,0,0,0,0,0,0,0,0,0,0,0,0,0,0,28,0,0,0,0,0,0,0,0,0,0,0,0,0,0,0,0,0,0,0,0,0,0,0,0,0,0,0,0,0,0,0,0,0,0,0,0,0,0,0,0,0,0,0,0,0
17,9,9,0,109,95,43,25,10,0,0,90,0,92,0,0,133,14,6,0,0,0,0,0,114,0,0,0,0,287,4,0,0,0,0,0,0,0,93,0,0,0,0,0,0,0,0,0,0,0,0,0,0,0,0,5,0,0,0,14,0,0,0,0,0,0,0,0,0,0,0,0,0,0,0,0,0,0,0,1,0,0,0,0,0,0,0,0,0,0,0,0,0,0,0,0,0,0,0,9,0,0,0,14,0,0,0,0,0,0,0,0,3,0,0,0,0,0,0,0,0,0,0,0,0,0,0,0,0,0,0,0,0,0,0,0,0,0,0,0,0,0,0,0,0,0,0,0,0
17,10,2,35,32,0,551,16,31,0,8,166,0,5,0,0,78,0,0,0,0,0,0,0,45,47,0,0,0,102,7,7,0,0,0,0,0,0,16,10,0,0,0,0,0,0,0,0,0,0,0,0,0,0,0,0,0,0,0,1,0,0,0,0,0,0,0,0,0,0,0,0,0,0,0,0,0,0,0,0,6,0,0,0,0,0,0,0,0,0,0,5,0,0,0,0,0,0,0,0,0,0,0,0,0,0,0,0,0,0,0,0,0,0,0,0,0,0,0,0,0,0,0,0,0,0,0,0,0,0,0,0,0,0,0,0,0,0,0,0,0,0,0,0,0,0,0,0,0
18,1,136,0,11,48,56,60,118,0,61,0,0,167,13,0,188,37,83,0,0,2,0,0,13,12,0,0,0,0,35,40,0,45,11,0,13,0,0,8,0,0,0,0,0,0,3,0,0,0,0,0,0,0,0,0,0,0,0,0,0,0,0,0,0,0,0,0,0,0,0,0,0,0,0,0,0,0,0,0,0,0,0,0,0,8,0,0,0,0,0,0,0,0,0,0,0,0,0,0,0,0,0,0,0,0,0,0,0,0,2,0,0,0,0,0,0,0,0,0,0,0,0,0,0,0,0,0,0,0,0,0,0,0,0,0,0,0,0,0,0,0,0,0,0,0,0,0,0
18,2,0,3,0,328,37,98,38,92,175,4,0,220,0,0,0,23,30,0,0,0,0,0,0,24,50,0,0,0,0,0,0,0,20,0,27,0,0,0,0,0,0,0,0,0,0,0,0,0,0,0,0,0,0,0,0,0,0,0,0,0,0,0,0,0,0,1,0,0,0,0,0,0,0,0,0,0,0,0,0,0,0,0,0,0,0,0,0,0,0,0,0,0,0,0,0,0,0,0,0,0,0,0,0,0,0,0,0,0,0,0,0,0,0,0,0,0,0,0,0,0,0,0,0,0,0,0,0,0,0,0,0,0,0,0,0,0,0,0,0,0,0,0,0,0,0,0,0
18,3,98,0,23,0,14,40,40,57,111,4,0,152,93,0,208,36,19,0,0,40,0,0,0,0,0,0,0,0,9,56,0,18,12,0,16,0,0,0,0,0,0,0,0,0,25,0,0,0,0,0,0,0,66,0,0,0,0,0,0,0,0,0,0,0,0,0,0,0,0,0,0,0,0,0,0,0,0,0,0,0,0,0,0,0,0,0,0,0,0,0,0,0,33,0,0,0,0,0,0,0,0,0,0,0,0,0,0,0,0,0,0,0,0,0,0,0,0,0,0,0,0,0,0,0,0,0,0,0,0,0,0,0,0,0,0,0,0,0,0,0,0,0,0,0,0,0,0
18,4,151,0,1,5,50,6,151,0,221,20,0,99,23,0,26,41,93,0,0,13,0,0,0,39,0,0,0,0,48,6,0,66,28,0,25,0,0,14,0,0,0,13,0,0,9,0,0,0,0,0,0,0,0,0,0,0,0,0,0,22,0,0,0,0,0,0,0,0,0,0,0,0,0,0,0,0,0,0,0,0,0,0,0,0,0,0,0,0,0,0,0,0,0,0,0,0,0,0,0,0,0,0,0,0,0,0,0,0,0,0,0,0,0,0,0,0,0,0,0,0,0,0,0,0,0,0,0,0,0,0,0,0,0,0,0,0,0,0,0,0,0,0,0,0,0,0,0
18,5,55,0,6,0,65,30,230,0,108,8,0,123,50,0,5,97,90,0,0,24,19,0,0,55,55,0,0,0,70,0,0,26,12,0,16,0,0,5,0,0,0,0,0,0,9,0,0,0,0,0,0,0,0,0,0,0,0,0,0,0,0,0,0,0,0,0,0,0,0,0,0,0,0,0,0,0,0,0,0,0,0,0,0,0,0,0,0,0,0,0,0,0,0,0,0,0,0,0,0,0,0,0,0,0,0,0,0,0,0,10,0,0,0,0,0,0,0,0,0,0,0,0,0,0,0,0,0,0,0,0,0,0,0,0,0,0,2,0,0,0,0,0,0,0,0,0,0
18,6,0,0,0,13,31,193,187,3,187,0,0,77,6,0,5,54,73,0,0,2,5,0,0,0,9,0,0,0,60,23,0,20,0,0,41,0,0,14,0,0,0,0,0,166,1,0,0,0,0,0,0,0,0,0,0,0,0,0,0,0,0,0,0,0,0,0,0,0,0,0,0,0,0,0,0,0,0,0,0,0,0,0,0,0,0,0,0,0,0,0,0,0,0,0,0,0,0,0,0,0,0,0,0,0,0,0,0,0,0,0,0,0,0,0,0,0,0,0,0,0,0,0,0,0,0,0,0,0,0,0,0,0,0,0,0,0,0,0,0,0,0,0,0,0,0,0,0
18,7,336,0,0,0,34,88,225,0,50,0,0,9,0,0,0,2,77,127,0,0,0,0,0,0,0,0,0,0,35,4,0,14,48,0,5,0,0,100,0,0,0,0,0,6,0,0,0,0,0,0,0,0,0,0,0,0,0,0,10,0,0,0,0,0,0,0,0,0,0,0,0,0,0,0,0,0,0,0,0,0,0,0,0,0,0,0,0,0,0,0,0,0,0,0,0,0,0,0,0,0,0,0,0,0,0,0,0,0,0,0,0,0,0,0,0,0,0,0,0,0,0,0,0,0,0,0,0,0,0,0,0,0,0,0,0,0,0,0,0,0,0,0,0,0,0,0,0
18,8,0,91,17,0,62,62,223,0,63,0,0,31,0,0,107,62,88,0,0,0,16,0,3,6,93,37,0,0,64,5,0,44,0,0,15,0,0,34,0,0,0,0,0,0,0,0,0,0,0,0,0,0,0,0,0,0,0,0,0,0,0,0,0,0,0,0,0,0,0,0,0,0,0,0,0,0,0,0,0,0,0,0,0,0,0,0,0,0,0,40,0,0,0,0,0,0,0,0,0,0,0,0,0,0,0,0,0,0,0,7,0,0,0,0,0,0,0,0,0,0,0,0,0,0,0,0,0,0,0,0,0,0,0,0,0,0,0,0,0,0,0,0,0,0,0,0,0
18,9,0,0,23,0,49,71,28,0,143,5,0,117,0,0,68,260,34,0,0,0,0,0,20,96,10,0,0,0,0,58,0,0,24,0,39,0,0,58,0,0,0,0,0,0,0,0,0,0,0,0,0,0,49,0,0,0,0,0,0,0,0,0,0,0,0,0,0,0,0,0,0,0,0,0,0,0,0,0,0,0,0,0,0,0,0,0,0,0,0,0,0,0,18,0,0,0,0,0,0,0,0,0,0,0,0,0,0,0,0,0,0,0,0,0,0,0,0,0,0,0,0,0,0,0,0,0,0,0,0,0,0,0,0,0,0,0,0,0,0,0,0,0,0,0,0,0,0
18,10,24,9,0,0,17,137,129,0,80,253,0,109,0,0,43,21,47,90,0,0,37,0,0,0,47,0,0,0,11,13,0,0,14,0,7,0,0,61,0,0,0,0,0,0,1,0,0,0,0,0,0,0,0,0,0,0,0,0,0,0,0,0,0,0,0,0,0,0,0,0,0,10,0,0,0,0,0,0,0,0,0,0,0,0,0,0,0,0,0,0,0,0,0,0,0,0,0,0,0,10,0,0,0,0,0,0,0,0,0,0,0,0,0,0,0,0,0,0,0,0,0,0,0,0,0,0,0,0,0,0,0,0,0,0,0,0,0,0,0,0,0,0,0,0,0,0,0
19,1,76,2,61,7,39,5,226,0,16,0,0,116,12,0,159,0,95,33,0,6,0,0,1,57,14,75,0,0,51,0,0,0,3,0,8,0,0,12,0,0,0,22,0,15,6,0,0,0,0,0,0,0,0,0,0,0,0,0,0,0,0,0,0,0,0,0,0,0,0,0,0,0,0,0,0,0,0,0,0,0,0,0,0,0,0,0,0,0,0,0,0,0,0,43,0,0,0,0,0,0,0,0,0,0,0,0,0,0,0,0,0,0,0,0,0,0,0,10,0,0,0,0,0,0,0,0,0,0,0,0,0,0,0,0,0,0,0,0,0,0,0,0,0,0,0,0,0
19,2,157,198,26,7,0,76,63,2,89,125,0,76,32,0,30,93,52,28,0,7,0,0,0,26,16,0,0,0,18,0,0,0,5,0,18,0,0,0,0,0,5,0,0,0,9,0,0,0,0,5,0,0,0,0,0,0,0,0,0,0,0,0,0,0,0,0,0,0,0,0,0,0,0,0,0,0,0,0,0,0,0,0,0,0,0,0,7,0,0,0,0,0,0,0,0,0,0,0,0,0,0,0,0,0,0,0,0,0,0,0,0,0,0,0,0,0,0,0,0,0,0,0,0,0,0,0,0,0,0,0,0,0,0,0,0,0,0,0,0,0,0,0,0,0,0,0,0
19,3,514,17,201,33,39,45,64,0,0,67,0,41,17,0,73,6,27,0,0,7,0,0,0,4,0,0,0,0,12,0,0,0,0,0,0,0,0,0,0,0,0,0,0,0,3,0,0,0,0,0,0,0,0,0,0,0,0,0,0,0,0,0,0,0,0,0,0,0,0,0,0,0,0,0,0,0,0,0,0,0,0,0,0,0,0,0,0,0,0,0,0,0,0,0,0,0,0,0,0,0,0,0,0,0,0,0,0,0,0,0,0,0,0,0,0,0,0,0,0,0,0,0,0,0,0,0,0,0,0,0,0,0,0,0,0,0,0,0,0,0,0,0,0,0,0,0,0
19,4,245,0,300,0,17,20,7,0,0,205,0,36,0,0,103,0,3,0,0,0,0,0,103,0,0,0,0,0,0,0,0,0,19,0,0,0,0,0,0,0,0,0,0,0,0,0,0,0,0,0,3,0,0,6,0,0,0,0,0,0,0,0,0,0,28,23,0,0,0,0,4,0,0,0,0,0,0,0,0,0,0,0,0,0,0,0,35,0,0,0,0,0,0,0,0,0,0,2,0,0,0,0,0,0,0,0,0,0,0,0,0,0,0,0,11,0,0,0,0,0,0,0,0,0,0,0,0,0,0,0,0,0,0,0,0,0,0,0,0,0,0,0,0,0,0,0,0
19,5,0,0,245,0,28,46,104,0,191,0,0,277,0,0,24,0,32,0,0,0,0,0,2,0,0,0,0,0,26,0,0,0,6,0,74,0,0,9,0,0,0,0,0,0,0,0,0,0,0,0,0,0,25,0,0,0,0,0,0,0,0,0,0,0,31,4,0,0,0,0,0,0,0,0,0,0,0,0,0,0,0,0,0,0,0,0,0,0,0,0,0,12,24,0,0,0,0,0,0,0,0,0,0,0,0,0,0,0,0,0,6,0,0,0,0,0,0,0,0,0,0,0,0,0,0,0,0,0,0,4,0,0,0,0,0,0,0,0,0,0,0,0,0,0,0,0,0
19,6,0,0,364,0,67,220,54,0,22,3,0,0,0,0,218,0,58,0,0,0,0,0,0,0,0,0,0,0,27,0,0,0,10,0,0,0,0,8,0,0,0,0,0,0,0,0,0,0,0,0,0,0,0,0,0,0,0,0,0,0,0,0,0,0,116,0,0,0,0,0,0,0,0,0,0,0,0,0,0,0,0,0,0,0,0,0,0,0,0,0,0,0,0,0,0,0,0,0,0,0,0,0,0,0,0,0,0,0,0,0,0,0,0,0,0,0,0,0,0,0,0,0,0,0,0,0,0,0,0,3,0,0,0,0,0,0,0,0,0,0,0,0,0,0,0,0,0
19,7,0,0,736,0,0,178,12,0,0,0,0,0,0,0,45,29,20,0,0,0,0,0,65,0,0,0,0,0,27,0,0,0,0,0,0,0,0,0,0,0,0,0,0,0,0,0,0,0,0,0,0,0,4,0,0,0,0,0,0,0,0,0,0,0,34,8,0,0,0,0,0,0,0,0,0,0,0,0,0,0,0,0,0,0,0,0,0,0,0,0,0,0,4,0,0,0,0,0,0,0,0,0,0,0,0,0,0,0,0,0,8,0,0,0,0,0,0,0,0,0,0,0,0,0,0,0,0,0,0,0,0,0,0,0,0,0,0,0,0,0,0,0,0,0,0,0,0
19,8,81,0,158,0,35,85,83,0,36,132,0,111,6,0,148,9,78,0,0,4,0,0,39,13,0,0,0,0,27,0,0,0,7,0,0,0,0,9,0,0,0,0,0,0,3,0,0,0,0,0,0,0,7,0,0,0,0,0,0,0,0,0,30,0,17,0,0,0,0,0,0,0,0,0,0,0,0,0,0,0,0,0,0,0,0,0,34,0,0,0,0,0,11,0,0,0,0,0,0,0,0,0,0,0,0,0,0,0,0,0,6,0,0,0,0,0,0,0,0,0,0,0,0,0,0,0,0,0,0,0,0,0,0,0,0,0,0,0,0,0,0,0,0,0,1,0,0
19,9,20,0,571,0,159,109,23,0,23,0,0,7,0,0,122,12,0,0,0,0,0,0,62,0,0,0,0,0,0,0,0,0,0,0,0,0,0,0,0,0,0,0,0,0,0,0,0,0,0,0,0,0,0,0,0,0,0,0,0,0,0,0,0,0,25,0,0,0,0,0,0,0,0,0,0,0,0,0,0,0,0,0,0,0,0,0,0,0,0,29,0,0,0,0,0,0,0,0,0,0,0,0,0,0,0,0,0,0,0,0,0,0,0,0,8,0,0,0,0,0,0,0,0,0,0,0,0,0,0,0,0,0,0,0,0,0,0,0,0,0,0,0,0,0,0,0,0
19,10,234,0,132,0,10,0,171,0,46,0,0,15,0,0,121,0,75,89,0,0,0,0,0,43,0,0,0,0,32,0,0,0,17,0,0,0,0,9,0,0,0,0,0,0,0,0,0,0,0,0,0,0,0,0,0,0,0,0,0,0,91,0,0,0,0,7,0,0,0,0,0,0,0,33,0,19,0,0,0,0,0,0,0,0,0,0,0,0,0,0,0,0,0,14,0,0,0,0,0,0,4,0,0,0,0,0,0,0,0,0,2,0,0,0,0,0,0,6,0,0,0,0,0,0,0,0,0,0,0,0,0,0,0,0,0,0,0,0,0,0,0,0,0,0,0,0,0
20,1,0,48,50,0,189,5,37,217,0,13,0,0,0,0,157,0,4,0,0,0,0,0,78,20,0,0,0,51,0,0,0,0,0,43,0,0,0,0,0,0,0,0,0,0,0,0,0,0,1,0,0,0,0,0,0,0,0,0,0,0,0,101,0,0,0,0,0,0,0,0,0,0,0,0,0,0,85,0,0,0,0,0,0,0,0,0,0,0,0,0,0,0,0,0,0,0,0,0,0,0,3,0,49,0,0,0,0,0,0,0,0,0,0,0,3,0,0,0,16,0,0,0,0,0,0,0,0,0,0,0,0,0,0,0,0,0,0,0,0,0,0,0,0,0,0,0,0
20,2,35,150,0,0,78,30,12,121,0,0,51,0,0,0,27,0,3,0,0,0,0,0,0,46,0,0,0,81,11,23,0,0,0,27,0,0,9,13,0,0,0,0,0,0,0,0,0,0,0,2,0,0,0,0,0,0,0,7,0,0,88,170,0,0,0,0,0,0,0,99,0,0,0,30,0,21,18,0,0,0,0,0,0,14,0,0,0,0,0,0,0,0,0,0,0,0,0,0,0,0,4,0,0,0,0,0,0,0,0,0,0,0,0,0,0,0,0,0,0,0,0,0,0,0,0,0,0,0,0,0,0,0,0,0,0,0,0,0,0,0,0,0,0,0,0,0,0
20,3,0,48,0,0,91,21,62,76,0,0,163,0,0,0,91,0,22,0,0,0,0,0,0,66,0,0,0,122,28,5,0,0,0,0,0,0,0,0,0,0,0,0,0,0,0,0,0,234,24,0,0,0,0,0,0,0,0,0,0,0,0,0,0,0,0,0,0,13,0,0,0,0,0,0,0,0,67,0,0,0,0,0,0,0,37,0,0,0,0,0,0,0,0,0,0,0,0,0,0,0,0,0,0,0,0,0,0,0,0,0,0,0,0,0,0,0,0,0,0,0,0,0,0,0,0,0,0,0,0,0,0,0,0,0,0,0,0,0,0,0,0,0,0,0,0,0,0
20,4,69,78,0,0,59,113,136,149,0,0,5,0,0,0,11,0,18,0,0,0,0,0,47,22,0,0,0,99,31,0,0,0,0,36,0,0,34,0,0,0,0,0,0,0,0,0,0,74,20,0,0,0,0,0,0,0,0,0,0,0,0,0,0,0,0,0,0,9,0,0,0,0,0,0,0,0,4,0,0,0,0,0,0,0,4,147,0,0,0,0,0,0,0,0,0,0,0,0,0,0,0,0,0,0,0,0,0,0,0,0,0,0,0,0,0,0,0,0,0,0,0,0,0,0,0,0,0,0,0,0,0,0,0,0,0,0,0,0,0,0,0,2,0,3,0,0,0
20,5,134,35,18,0,215,16,117,200,0,0,0,0,0,0,35,0,22,0,0,0,0,0,0,10,59,0,0,27,20,0,0,0,0,46,0,0,30,0,0,0,0,0,0,0,0,0,0,0,64,0,0,0,0,0,0,0,0,0,0,0,0,22,0,0,0,0,0,0,0,0,0,0,0,0,0,0,3,0,0,0,0,0,0,0,0,73,0,0,0,0,0,0,0,0,0,0,0,0,0,0,0,0,0,0,6,0,0,0,0,0,0,0,0,0,0,0,0,0,0,0,0,18,0,0,0,0,0,0,0,0,0,0,0,0,0,0,0,0,0,0,0,0,0,0,0,0,0
20,6,0,17,85,0,19,27,135,126,0,0,0,0,0,0,0,0,15,0,0,0,0,0,208,76,0,0,0,52,20,0,0,0,0,57,0,0,12,0,0,0,0,0,0,0,0,0,0,278,0,0,0,0,0,5,0,0,0,0,0,0,0,0,0,0,0,0,0,0,0,0,0,0,0,0,0,0,0,0,0,0,0,0,0,0,12,0,0,0,0,0,0,0,0,0,0,0,0,0,0,0,16,0,0,0,0,0,0,0,0,0,0,0,0,0,0,0,0,0,0,0,0,0,0,0,0,0,0,0,0,0,0,0,0,0,0,0,0,10,0,0,0,0,0,0,0,0,0
20,7,0,99,0,0,10,3,130,249,0,36,51,0,0,0,59,0,34,0,0,0,0,0,133,46,0,0,0,21,0,0,0,0,0,67,0,0,0,67,0,0,0,0,0,0,0,0,0,153,0,0,0,0,0,0,0,0,0,0,0,0,0,0,0,0,0,0,0,0,0,0,0,0,0,0,0,0,0,0,0,0,0,0,0,0,10,0,0,0,0,0,0,0,0,0,0,0,0,0,0,0,0,0,0,0,0,0,0,0,0,0,0,0,0,0,0,0,0,0,0,0,0,0,0,0,0,0,0,0,0,0,0,0,0,0,2,0,0,0,0,0,0,0,0,0,0,0,0
20,8,0,119,34,0,225,0,55,165,0,0,0,0,0,0,0,0,10,0,0,0,0,0,37,32,47,0,0,63,0,0,0,0,0,29,0,0,58,0,0,0,0,0,0,0,0,0,0,241,5,0,0,0,0,0,0,0,0,15,0,0,0,5,0,0,0,0,0,0,0,0,0,0,0,0,0,0,0,0,0,0,0,0,0,0,30,0,0,0,0,0,0,0,0,0,0,0,0,0,0,0,0,0,0,0,0,0,0,0,0,0,0,0,0,0,0,0,0,0,0,0,0,0,0,0,0,0,0,0,0,0,0,0,0,0,0,0,0,0,0,0,0,0,0,0,0,0,0
21,1,42,274,0,0,69,63,224,205,23,19,0,0,0,0,12,0,62,0,0,0,0,0,0,0,0,0,0,98,59,0,0,0,0,20,0,0,0,0,0,0,0,0,0,0,0,0,0,0,0,0,0,0,0,0,0,0,0,0,0,0,0,0,0,0,0,0,0,0,0,0,0,0,0,0,0,0,0,0,0,0,0,0,0,0,0,0,0,0,0,0,0,0,0,0,0,0,0,0,0,0,0,0,0,0,0,0,0,0,0,0,0,0,0,0,0,0,0,0,0,0,0,0,0,0,0,0,0,0,0,0,0,0,0,0,0,0,0,0,0,0,0,0,0,0,0,0,0
21,2,178,52,70,0,34,27,70,134,0,26,0,23,0,0,22,0,24,0,0,0,0,0,141,66,0,0,0,215,15,11,0,0,0,0,0,0,0,0,0,0,0,0,0,0,0,0,0,0,0,0,0,0,0,23,0,0,0,0,0,0,5,2,0,0,0,0,0,0,0,0,0,0,0,0,0,0,0,4,0,0,0,0,0,0,0,0,0,0,0,4,0,11,0,0,0,0,0,0,0,0,0,0,0,0,0,0,0,0,0,5,0,0,0,0,0,0,0,0,0,0,0,0,0,0,0,0,0,0,0,0,0,0,0,0,0,0,2,0,0,6,0,0,0,0,0,0,0
21,3,10,0,11,0,111,6,140,0,0,370,0,31,0,0,63,0,42,0,0,0,0,0,127,0,0,0,0,21,13,1,0,0,3,0,0,0,0,0,0,0,0,0,0,0,0,0,0,0,0,0,0,0,0,8,19,0,0,0,0,0,0,0,60,21,0,0,0,0,0,0,0,0,0,0,0,0,0,6,0,0,0,0,0,84,0,0,0,0,0,0,0,0,0,0,0,0,0,0,0,0,0,0,0,0,10,0,0,0,0,0,0,0,0,0,0,0,0,0,0,0,0,0,0,0,0,0,0,0,0,0,0,0,0,0,13,0,0,0,0,0,0,0,0,0,0,0,0
21,4,68,28,58,0,120,18,28,75,230,26,0,0,0,0,0,0,0,0,0,0,0,0,13,122,7,0,0,317,0,21,0,0,0,9,30,0,0,0,0,0,0,0,0,0,0,0,0,0,0,0,0,0,0,0,0,0,0,0,0,0,0,0,0,0,0,0,0,0,0,0,0,0,0,0,0,0,0,0,0,0,0,0,0,0,0,0,0,0,0,0,0,0,0,0,0,0,0,0,0,0,0,0,0,0,0,0,0,0,0,0,0,0,0,0,0,0,0,0,0,0,0,0,0,0,0,0,0,0,0,0,0,0,0,0,0,0,0,0,0,0,0,0,0,0,0,0,0
21,5,62,0,67,0,181,28,53,0,0,5,89,12,0,0,112,13,14,0,0,0,0,0,145,43,7,0,0,73,28,51,0,0,0,0,0,0,0,6,0,0,0,110,0,0,0,0,0,0,0,0,0,0,0,0,0,0,0,0,0,0,0,0,4,16,0,0,0,0,0,0,0,0,0,0,0,0,0,0,0,0,0,0,0,45,0,0,0,0,0,0,0,0,0,0,0,0,0,0,0,0,0,0,0,0,0,0,0,0,0,6,0,0,0,0,0,0,0,0,0,0,0,0,0,0,0,0,0,0,0,0,0,0,0,0,0,0,0,0,0,0,0,0,0,0,0,0,0
21,7,73,70,42,0,57,31,89,191,0,0,0,12,8,0,0,94,45,0,0,17,0,97,54,26,0,0,0,109,11,28,0,0,0,27,0,0,0,33,0,0,0,0,0,0,6,0,0,0,0,0,0,0,0,0,0,0,0,0,0,0,20,0,0,0,0,0,0,0,0,0,0,0,0,14,0,9,0,0,0,0,0,0,0,7,0,0,0,0,0,0,0,0,0,0,0,0,0,0,0,0,0,0,0,0,0,0,0,0,0,0,0,0,0,0,0,0,0,0,0,0,0,0,0,0,0,0,0,0,0,0,0,0,0,0,0,0,0,0,0,0,0,0,0,0,0,0,0
21,9,0,28,78,0,107,233,0,186,0,45,0,15,20,0,86,0,0,0,0,8,0,0,46,18,0,0,0,193,0,107,0,0,0,0,0,0,0,0,0,0,0,0,0,0,0,0,0,0,0,0,0,0,0,0,0,0,0,0,0,0,0,0,0,0,0,0,0,0,0,0,0,0,0,0,0,0,0,0,0,0,0,0,0,0,0,0,0,0,0,0,0,0,0,0,0,0,0,0,0,0,0,0,0,0,0,0,0,0,0,0,0,0,0,0,0,0,0,0,0,0,0,0,0,0,0,0,0,0,0,0,0,0,0,0,0,0,0,0,0,0,0,0,0,0,0,0,0
21,10,177,157,0,0,39,0,89,194,46,83,4,31,12,0,0,5,41,0,0,0,0,0,7,18,11,0,0,24,21,8,0,0,0,19,21,0,0,0,0,0,0,0,0,0,8,0,0,69,0,0,0,0,0,0,0,0,0,0,0,0,54,0,0,0,0,0,0,0,0,0,0,0,0,15,0,17,0,0,0,0,0,0,0,0,0,0,0,0,0,0,0,0,0,0,0,0,0,0,0,0,0,0,0,0,0,0,0,0,0,0,0,0,0,0,0,0,0,0,0,0,0,0,0,0,0,0,0,0,0,0,0,0,0,0,0,0,0,0,0,0,0,0,0,0,0,0,0
22,1,55,5,0,27,0,0,165,0,86,6,0,199,19,17,0,0,82,27,0,10,38,125,0,58,0,82,0,0,56,0,3,0,0,0,0,0,0,32,0,0,0,13,0,0,6,0,38,0,0,0,0,5,0,0,0,0,0,0,0,0,0,0,0,0,0,4,0,0,0,0,0,0,0,0,0,0,0,0,0,0,0,0,0,0,0,0,0,0,0,0,0,0,0,0,0,0,0,0,10,0,0,0,0,0,0,0,0,0,0,0,0,0,0,0,0,0,0,0,0,0,0,0,0,0,0,0,0,0,0,0,0,0,0,0,0,2,0,0,0,0,0,0,0,0,0,0,0
22,2,0,26,0,7,137,0,188,0,106,13,0,164,0,0,0,80,75,46,31,0,0,0,0,23,3,61,0,0,43,58,0,7,0,0,0,8,0,0,7,0,0,21,0,34,0,12,0,0,0,0,0,16,0,0,0,0,0,0,0,0,0,0,0,0,0,0,0,0,0,0,0,0,0,0,0,0,0,0,0,2,0,0,0,0,0,0,0,2,0,0,0,0,0,0,0,0,0,0,0,0,0,0,0,0,0,0,0,0,0,0,0,0,0,0,0,0,0,0,0,0,0,0,0,0,0,0,0,0,0,0,0,0,0,0,0,0,0,0,0,0,0,0,0,0,0,0,0
22,3,44,81,0,0,91,0,175,0,48,20,0,130,10,36,0,18,73,0,0,0,0,0,0,11,16,0,0,0,32,0,70,0,0,0,8,0,0,10,0,0,0,7,0,20,0,0,83,0,0,0,180,2,0,0,0,0,0,0,5,0,0,0,0,0,0,0,0,0,0,0,0,0,0,0,0,0,0,0,0,0,0,0,0,0,0,0,0,0,0,0,0,0,0,0,0,0,0,0,0,0,0,0,0,0,0,0,0,0,0,0,0,0,0,0,0,0,0,0,0,0,0,0,0,0,0,0,0,0,0,0,0,0,0,0,0,0,0,0,0,0,0,0,0,0,0,0,0
22,4,291,66,0,15,136,0,117,0,17,133,0,74,10,0,0,8,54,3,38,11,30,0,0,32,57,0,0,0,36,0,0,0,0,0,0,0,0,0,0,0,0,20,0,3,4,0,0,0,0,0,0,3,0,0,0,0,0,0,12,0,0,0,0,0,0,0,0,0,0,0,0,0,0,0,0,0,0,0,0,0,0,0,0,0,0,0,0,0,0,0,0,0,0,0,0,0,0,0,0,0,0,0,0,0,0,0,0,0,0,0,0,0,0,0,0,0,0,0,0,0,0,0,0,0,0,0,0,0,0,0,0,0,0,0,0,0,0,0,0,0,0,0,0,0,0,0,0
22,5,246,66,0,0,297,32,18,0,80,28,0,42,55,85,0,0,11,14,3,37,0,0,0,21,25,26,0,0,12,0,11,0,0,0,0,0,0,0,0,0,0,13,0,0,16,0,16,0,0,0,0,14,0,0,0,0,0,0,0,0,0,0,0,0,0,0,0,0,0,0,0,0,0,0,0,0,0,0,0,0,0,0,0,0,0,0,0,2,0,0,0,0,0,0,0,0,0,0,0,0,0,0,0,0,0,0,0,0,0,0,0,0,0,0,0,0,0,0,0,0,0,0,0,0,0,0,0,0,0,0,0,0,0,0,0,0,0,0,0,0,0,0,0,0,0,0,0
22,6,142,35,0,8,2,8,92,0,154,18,0,256,20,0,0,0,42,47,0,5,112,32,0,33,1,28,0,0,24,0,0,6,7,0,0,0,0,2,0,0,0,13,0,26,4,0,28,0,0,0,0,2,0,0,0,0,0,0,0,0,0,0,0,0,0,0,0,0,0,0,0,0,0,0,0,0,0,0,0,0,0,0,0,0,0,0,0,23,0,0,0,0,0,0,0,0,0,0,0,0,0,0,0,0,0,0,0,0,0,0,0,0,0,0,0,0,0,0,0,0,0,0,0,0,0,0,0,0,0,0,0,0,0,0,0,0,0,0,0,0,0,0,0,0,0,0,0
22,7,139,57,0,24,27,19,134,0,51,135,0,136,0,0,0,9,73,6,0,0,0,0,0,90,20,18,0,0,47,0,13,0,0,0,0,0,0,25,0,0,0,95,0,0,0,23,0,0,0,0,0,6,0,0,0,0,0,0,0,0,0,0,0,0,0,0,0,0,0,0,0,0,0,0,0,0,0,0,0,4,0,0,0,0,0,0,12,0,0,0,0,3,0,0,0,0,0,0,0,0,0,0,0,0,0,0,0,0,0,0,0,0,0,0,0,4,0,0,0,0,0,0,0,0,0,0,0,0,0,0,0,0,0,0,0,0,0,0,0,0,0,0,0,0,0,0,0
22,8,130,26,0,32,325,4,154,0,97,110,0,30,12,0,0,0,62,9,0,13,0,0,0,0,45,15,0,0,30,0,0,0,0,0,0,15,0,3,14,0,0,0,0,35,2,0,0,0,0,0,0,0,0,0,0,0,0,0,0,0,0,0,0,0,0,0,0,0,0,0,0,0,0,0,0,0,0,0,0,0,0,0,0,0,0,0,0,0,0,0,0,0,0,0,0,0,0,0,0,0,0,0,0,0,0,0,0,0,0,0,0,0,0,0,0,0,0,0,0,0,0,0,0,0,0,0,0,0,0,0,0,0,0,0,0,7,0,0,0,0,0,0,0,0,0,0,0
22,9,60,39,0,133,39,10,52,0,75,227,0,22,104,0,0,0,37,5,0,52,65,0,0,73,7,22,0,0,0,0,58,0,0,0,0,7,0,10,2,0,0,11,0,3,34,0,5,0,0,0,0,13,0,0,0,0,0,0,5,0,0,0,0,0,0,0,0,0,0,0,0,0,0,0,0,0,0,0,0,0,0,0,0,0,0,0,0,0,0,0,0,0,0,0,0,0,0,0,0,0,0,0,0,0,0,0,0,0,0,0,0,0,0,0,0,0,0,0,0,0,0,0,0,0,0,0,0,0,0,0,0,0,0,0,0,0,0,0,0,0,0,0,0,0,0,0,0
22,10,79,101,31,64,70,18,103,105,127,52,3,116,0,34,0,0,81,3,14,0,0,0,0,10,23,47,0,0,9,0,0,0,0,18,0,7,0,4,7,2,0,0,0,6,0,0,3,0,0,3,0,0,0,0,0,0,0,0,10,5,0,0,0,0,0,0,0,0,0,0,0,7,0,0,2,0,0,0,0,0,0,0,0,0,0,0,0,0,0,0,0,0,0,0,0,0,0,0,0,3,3,0,0,0,0,0,0,0,0,0,0,0,0,0,0,0,0,0,0,0,0,0,0,0,0,0,0,0,0,0,0,0,0,0,0,0,0,0,0,0,0,0,0,0,0,0,0
23,1,13,62,0,18,87,11,119,0,175,9,0,48,86,0,0,0,60,19,0,32,0,0,0,8,11,131,0,0,19,4,46,0,0,0,0,15,0,0,7,0,0,103,0,3,25,0,5,10,0,0,0,9,0,0,0,0,0,0,0,0,0,0,0,0,0,0,0,0,0,0,0,0,0,0,0,0,0,0,0,0,0,0,0,11,0,0,0,0,0,0,0,0,0,0,0,0,0,0,0,0,0,0,0,0,0,0,0,0,0,0,0,0,0,0,0,0,0,0,0,12,0,0,0,0,0,0,0,0,0,0,6,6,0,0,0,0,0,0,0,0,0,0,0,0,0,0,0
23,2,96,64,0,90,76,47,15,0,21,28,0,114,24,0,0,0,7,36,3,10,100,0,0,4,68,201,0,0,10,0,56,0,1,0,0,0,0,0,0,0,0,14,0,0,2,0,57,0,0,0,0,0,0,0,0,0,0,0,4,0,0,0,0,0,0,0,0,0,0,0,0,0,0,0,0,0,0,0,0,0,0,0,0,0,0,0,0,0,0,0,0,0,0,0,0,0,0,0,0,0,0,0,0,0,0,0,0,0,0,0,0,0,22,0,0,0,0,0,0,0,0,0,0,0,0,0,0,0,0,0,0,0,0,0,0,0,0,0,0,0,0,0,0,0,0,0,0
23,3,196,33,0,0,31,0,111,0,5,23,0,224,42,0,0,0,35,0,94,35,49,0,0,20,54,119,0,0,48,8,14,0,0,0,0,0,0,0,0,0,0,0,0,0,20,0,9,0,0,0,0,0,0,0,0,0,0,0,0,0,0,0,0,0,0,0,0,0,0,0,0,0,0,0,0,0,0,0,0,0,0,0,0,0,0,0,0,0,0,0,0,0,0,0,0,0,0,0,0,0,0,0,0,0,0,0,0,0,0,0,0,0,0,0,0,0,0,0,0,0,0,0,0,0,0,0,0,0,0,0,0,0,0,0,0,0,0,0,0,0,0,0,0,0,0,0,0
23,4,168,18,0,175,99,33,0,0,215,16,0,76,52,0,0,0,0,0,0,46,1,0,0,3,2,65,0,0,8,4,8,2,11,0,0,27,0,1,42,0,0,8,0,0,8,0,31,0,0,0,0,45,0,0,0,0,0,0,4,0,0,0,0,0,0,0,0,0,0,0,0,0,0,0,0,0,0,0,0,0,0,0,0,0,0,0,0,0,0,0,0,0,0,0,0,0,0,0,0,0,0,0,0,0,0,0,0,0,0,0,0,0,0,0,0,0,0,0,0,0,0,0,0,0,0,0,0,0,0,0,0,0,0,0,0,0,0,0,0,0,2,0,0,0,0,0,0
23,5,9,6,0,255,135,95,32,0,118,0,0,80,21,0,0,0,33,81,0,16,0,0,0,34,37,114,0,0,28,2,0,0,0,0,14,10,0,3,4,0,0,9,0,0,11,0,1,0,0,0,0,17,0,0,0,0,0,0,0,0,0,0,0,0,0,0,0,0,0,0,0,0,0,0,0,0,0,0,0,0,0,0,0,0,0,0,0,0,0,0,0,0,0,0,0,0,0,0,5,0,0,0,0,0,0,0,0,0,0,0,0,0,0,0,0,0,0,0,0,0,0,0,0,0,0,0,0,0,0,0,0,0,0,0,0,0,0,0,0,0,0,0,0,0,0,0,0
23,6,149,0,6,68,65,103,119,0,78,127,0,40,13,0,0,13,80,5,16,9,0,5,0,33,3,143,0,0,38,0,0,0,5,0,18,0,0,11,0,0,0,0,0,0,5,0,4,0,0,0,0,0,0,0,0,0,0,0,0,0,4,0,0,0,0,0,0,0,0,0,0,0,0,4,0,0,0,0,0,0,0,0,0,6,0,0,0,0,0,0,0,0,0,0,0,0,0,0,0,0,0,0,0,0,0,0,0,0,0,0,0,0,0,0,0,0,0,0,0,0,0,0,0,0,0,0,0,0,0,0,0,0,0,0,0,0,0,0,0,0,0,0,0,0,0,0,0
23,7,73,36,26,45,301,92,55,0,52,30,0,10,56,0,0,0,34,12,26,59,0,21,0,12,13,9,0,0,30,3,10,0,0,0,3,6,0,85,4,0,0,0,0,0,17,0,15,0,0,11,4,0,0,0,0,0,0,0,6,0,0,0,0,0,0,0,0,0,0,0,0,0,0,0,0,0,0,0,0,0,0,0,0,0,0,0,0,0,0,0,0,8,0,0,0,0,0,0,0,0,0,0,0,0,0,0,0,0,0,0,0,0,0,0,3,0,0,0,0,0,0,0,0,0,0,0,0,0,0,0,0,0,0,3,0,0,0,0,0,0,0,0,0,0,0,0,0
23,8,189,82,0,0,207,42,76,0,93,31,0,150,3,0,0,0,34,5,85,0,0,5,0,0,0,4,0,0,24,0,61,0,0,0,0,0,0,0,0,0,0,0,0,0,0,0,67,0,0,0,0,7,0,0,0,0,0,0,0,0,0,0,0,0,0,0,0,0,0,0,0,0,0,0,0,0,0,0,0,0,0,0,0,0,0,0,0,0,0,0,0,0,0,0,0,0,0,0,5,0,0,0,0,0,0,0,0,0,0,0,0,0,0,0,0,0,0,0,0,0,0,0,0,0,0,0,0,0,0,0,0,0,0,0,0,0,0,0,0,0,0,0,0,0,0,0,0
23,9,49,31,0,63,21,63,178,0,143,34,0,45,24,0,0,0,97,0,25,18,0,83,0,0,0,0,0,0,37,21,110,0,0,0,0,2,0,0,0,0,0,57,0,2,10,0,22,0,0,0,0,28,0,0,0,0,0,0,0,0,0,0,0,0,0,0,0,0,0,0,0,0,0,0,0,0,0,0,0,0,0,0,0,3,0,0,0,0,0,0,0,0,0,0,0,0,0,0,4,0,0,0,0,0,0,0,0,0,0,0,0,0,0,0,0,0,0,0,0,0,0,0,0,0,0,0,0,0,0,0,0,0,0,0,0,0,0,0,0,0,0,0,0,0,0,0,0
23,10,40,16,0,0,137,21,93,0,92,253,0,2,26,0,0,0,47,25,14,23,202,4,0,0,0,52,0,0,16,0,29,0,8,0,0,8,0,1,1,0,0,14,0,1,10,0,11,0,0,0,0,2,0,0,0,0,0,0,0,0,0,0,0,0,0,0,0,0,0,0,0,0,0,0,0,0,0,0,0,0,0,0,0,0,0,0,0,13,0,0,0,0,0,0,0,0,0,0,0,0,0,0,0,0,0,0,0,0,0,0,0,0,0,0,0,9,0,0,0,0,0,0,0,0,0,0,0,0,0,0,0,0,0,0,0,0,0,0,0,0,0,0,0,0,0,0,0
24,1,1,0,0,0,450,23,322,0,0,0,0,22,60,0,0,0,120,0,0,35,16,0,0,16,0,3,0,0,68,0,0,0,0,0,0,0,0,0,0,0,2,0,0,0,11,0,21,0,0,0,0,0,0,0,0,0,0,0,0,0,0,0,0,0,0,0,0,0,0,0,0,0,0,0,0,0,0,0,0,0,0,0,0,0,0,0,0,0,0,0,0,0,0,0,0,0,0,0,0,0,0,0,0,0,0,0,0,0,0,0,0,0,0,0,0,0,0,0,0,0,0,0,0,0,0,0,0,0,0,0,0,0,0,0,0,0,0,0,0,0,0,0,0,0,0,0,0
24,2,0,0,0,30,514,26,71,0,74,15,0,0,113,0,0,0,21,0,0,29,133,0,0,0,0,39,0,0,31,0,0,0,0,0,19,0,0,7,4,0,0,0,0,0,27,0,7,0,0,0,0,10,0,0,0,0,0,0,0,0,0,0,0,0,0,0,0,0,0,0,0,0,0,0,0,0,0,0,0,0,0,0,0,0,0,0,0,0,0,0,0,0,0,0,0,0,0,0,0,0,0,0,0,0,0,0,0,0,0,0,0,0,0,0,0,0,0,0,0,0,0,0,0,0,0,0,0,0,0,0,0,0,0,0,0,0,0,0,0,0,0,0,0,0,0,0,0
24,3,0,0,0,20,34,8,200,0,16,4,0,0,378,0,0,0,87,0,99,125,12,5,0,0,0,3,0,0,36,1,0,0,0,0,0,0,0,0,0,0,18,0,0,0,91,0,33,0,0,0,0,0,0,0,0,0,0,0,0,0,0,0,0,0,0,0,0,0,0,0,0,0,0,0,0,0,0,0,0,0,0,0,0,0,0,0,0,0,0,0,0,0,0,0,0,0,0,0,0,0,0,0,0,0,0,0,0,0,0,0,0,0,0,0,0,0,0,0,0,0,0,0,0,0,0,0,0,0,0,0,0,0,0,0,0,0,0,0,0,0,0,0,0,0,0,0,0
24,4,0,0,0,108,0,32,217,0,14,2,0,0,361,0,0,0,58,0,18,121,9,0,0,35,5,0,0,0,24,0,0,0,0,0,0,0,0,82,0,0,32,0,0,0,51,0,1,0,0,0,0,0,0,0,0,0,0,0,0,0,0,0,0,0,0,0,0,0,0,0,0,0,0,0,0,0,0,0,0,0,0,0,0,0,0,0,0,0,0,0,0,0,0,0,0,0,0,0,0,0,0,0,0,0,0,0,0,0,0,0,0,0,0,0,0,0,0,0,0,0,0,0,0,0,0,0,0,0,0,0,0,0,0,0,0,0,0,0,0,0,0,0,0,0,0,0,0
24,5,0,0,0,234,5,17,54,0,1,0,0,0,245,0,0,0,22,0,0,64,62,15,0,0,1,290,0,0,12,0,0,0,0,0,0,0,0,0,0,0,0,0,0,0,52,0,60,0,0,0,0,0,0,0,0,0,0,0,0,0,0,0,0,0,0,0,0,0,0,0,0,0,0,0,0,0,0,0,0,0,0,0,0,0,0,0,0,0,0,0,0,0,0,0,0,32,0,0,0,0,0,0,0,0,0,0,0,0,0,0,0,0,0,0,0,0,0,0,0,0,0,0,0,4,0,0,0,0,0,0,0,0,0,0,0,0,0,0,0,0,0,0,0,0,0,0,0
24,6,0,0,0,15,36,74,289,3,14,3,0,8,105,0,0,0,128,3,0,23,321,0,0,0,1,50,0,0,47,0,0,0,0,0,0,0,0,0,0,0,0,0,0,0,25,0,20,0,0,0,0,0,0,0,0,0,0,0,0,0,0,0,0,0,0,0,0,0,0,0,0,0,0,0,0,0,0,0,0,0,0,0,0,1,0,0,0,0,0,0,0,0,0,0,0,0,0,0,4,0,0,0,0,0,0,0,0,0,0,0,0,0,0,0,0,0,0,0,0,0,0,0,0,0,0,0,0,0,0,0,0,0,0,0,0,0,0,0,0,0,0,0,0,0,0,0,0
24,8,0,0,0,0,18,10,342,0,42,7,0,22,177,0,8,0,177,0,0,89,64,0,0,0,0,0,0,3,91,0,0,0,33,0,0,0,0,4,0,0,19,0,0,0,23,0,25,0,0,0,0,0,0,0,0,0,0,0,0,0,0,0,0,0,0,0,0,0,0,0,0,0,5,0,0,0,0,0,0,0,0,0,0,0,0,0,0,9,0,2,0,0,0,0,0,0,0,0,0,0,0,0,0,0,0,0,0,0,0,0,0,0,0,0,0,0,0,0,0,0,0,0,0,0,0,0,0,0,0,0,0,0,0,0,0,0,0,0,0,0,0,0,0,0,0,0,0
24,9,0,0,0,178,199,53,389,0,3,0,0,0,56,0,0,0,145,0,0,30,12,0,0,0,0,10,0,0,24,0,0,0,0,0,0,0,0,0,0,0,0,0,23,0,48,0,0,0,0,0,0,0,0,0,0,0,0,0,0,0,0,0,0,0,0,0,0,0,0,0,0,0,0,0,0,0,0,0,0,0,0,0,0,0,0,0,0,0,0,0,0,0,0,0,0,0,0,0,0,0,0,0,0,0,0,0,0,0,0,0,0,0,0,0,0,0,0,0,0,0,0,0,0,0,0,0,0,0,0,0,0,0,0,0,0,0,0,0,0,0,0,0,0,0,0,0,0
24,10,0,38,0,37,91,0,414,0,0,5,0,10,88,0,0,0,229,9,0,15,0,0,0,0,0,68,0,0,77,0,0,11,43,0,0,0,0,0,0,0,0,5,0,0,11,0,0,0,0,0,0,0,0,0,0,0,0,0,0,0,0,0,0,0,0,0,0,0,0,0,0,0,0,0,0,0,0,0,0,0,0,0,0,0,0,0,0,0,0,0,0,0,0,0,0,0,0,0,19,0,0,0,0,0,0,0,0,0,0,0,0,0,0,0,0,0,0,0,0,0,0,0,0,0,0,0,0,0,0,0,0,0,0,0,0,0,0,0,0,0,0,0,0,0,0,0,0
25,1,61,91,2,4,27,46,160,0,69,21,0,28,0,0,23,21,95,100,0,0,172,0,0,0,53,0,0,0,31,2,0,5,9,0,19,0,0,11,0,0,0,0,0,4,0,0,102,0,0,0,0,0,0,0,0,0,0,0,0,0,0,0,0,0,0,0,0,0,0,0,0,0,0,0,0,0,0,0,0,0,0,0,0,9,0,0,0,0,0,0,0,5,0,0,0,0,0,0,0,0,0,0,0,0,0,0,0,0,0,0,0,0,0,0,0,0,0,0,0,0,0,0,0,0,0,0,0,0,0,0,0,0,0,0,0,0,0,0,0,0,0,0,0,0,0,0,0
25,2,309,68,32,8,55,13,78,0,88,34,0,142,4,0,0,14,22,43,0,2,40,61,0,0,26,0,0,0,21,55,0,0,5,0,12,0,0,0,0,0,0,0,0,0,0,0,0,0,0,0,0,0,0,0,0,0,0,0,0,0,0,0,0,0,0,0,0,0,0,0,0,0,0,0,0,0,0,4,0,0,0,0,0,34,0,0,0,0,0,0,0,0,0,0,0,0,0,0,0,0,0,0,0,0,0,0,0,0,0,0,0,0,0,0,0,0,0,0,0,0,0,0,0,0,0,0,0,0,0,0,0,0,0,0,0,0,0,0,0,0,0,0,0,0,0,0,0
25,3,204,129,30,51,4,107,14,0,78,95,0,60,4,0,84,14,7,0,0,3,0,142,0,0,10,0,0,0,0,31,0,17,24,0,15,0,0,7,0,0,0,0,0,0,4,0,0,0,0,0,0,0,14,9,0,0,0,0,0,0,0,0,0,0,0,0,0,0,0,0,0,0,0,0,0,0,0,0,0,0,0,0,0,4,0,0,0,0,0,0,0,5,4,0,0,0,0,0,0,0,0,0,0,0,0,0,0,0,0,0,0,0,0,0,0,0,0,0,0,0,0,0,0,0,0,0,0,0,0,0,0,0,0,0,0,0,0,0,0,0,0,0,0,0,0,0,0
25,4,69,0,17,0,47,13,37,0,292,101,0,71,20,0,146,44,22,10,0,11,0,0,0,0,35,0,0,0,27,0,0,0,5,0,15,0,0,0,0,0,0,0,0,0,6,0,34,0,0,0,107,38,0,0,0,0,0,0,0,0,0,0,0,0,0,0,0,0,0,0,0,0,0,0,0,0,0,0,0,0,0,3,0,0,0,0,0,0,0,0,0,0,0,0,0,0,0,0,0,0,0,0,0,0,0,0,0,0,0,0,0,0,0,0,0,0,0,0,0,0,0,0,0,0,0,0,0,0,0,0,0,0,0,0,0,0,0,0,0,0,0,0,0,0,0,0,0
25,5,112,117,0,21,12,0,137,0,74,165,0,79,30,0,7,24,73,91,22,13,3,0,0,0,4,0,0,0,48,9,0,0,0,0,12,0,0,24,0,0,0,0,0,0,5,0,52,0,0,0,0,0,0,0,0,0,0,0,0,0,0,0,0,0,0,0,0,0,0,0,0,0,0,0,0,0,0,0,0,0,0,0,0,33,0,0,0,0,0,0,0,0,0,0,0,0,0,0,0,3,0,0,0,0,0,0,0,0,0,0,0,0,0,0,0,0,0,0,0,0,0,0,0,0,0,0,0,0,0,0,0,0,0,0,0,0,0,0,0,0,0,0,0,0,0,0,0
25,6,138,68,27,108,8,35,51,0,109,152,0,163,13,0,0,12,24,43,0,5,0,21,0,2,59,0,0,0,17,29,0,3,12,0,16,0,0,0,0,0,0,0,0,0,3,0,47,0,0,0,0,4,0,0,0,0,0,0,0,0,0,0,0,0,0,0,0,0,0,0,0,0,0,0,0,0,0,0,0,0,0,0,0,0,0,0,0,0,0,0,0,0,0,0,0,0,0,0,0,0,0,0,0,0,0,0,0,0,0,0,0,0,0,0,0,0,0,0,0,0,0,0,0,0,0,0,0,0,0,0,0,0,1,0,0,0,0,0,0,0,0,0,0,0,0,0,0
25,7,197,382,0,122,144,45,0,0,16,11,0,95,0,0,64,2,0,22,0,0,0,10,0,0,0,0,0,0,0,0,4,0,13,0,0,0,0,0,0,0,0,0,0,0,0,0,0,0,0,0,0,0,0,0,0,0,0,0,43,0,0,0,0,0,0,0,0,0,0,0,0,0,0,0,0,0,0,0,0,0,0,0,0,0,0,0,0,0,0,0,0,0,0,0,0,0,0,0,0,0,0,0,0,0,0,0,0,0,0,0,0,0,0,0,0,0,0,0,0,0,0,0,0,0,0,0,0,0,0,0,0,0,0,0,0,0,0,0,0,0,0,0,0,0,0,0,0
25,8,187,222,0,0,69,31,0,0,4,7,0,6,11,0,0,17,0,397,0,3,0,97,0,9,0,0,0,0,0,0,0,0,4,0,0,0,0,9,0,0,0,0,0,0,4,0,45,0,0,0,0,0,0,10,0,0,0,0,4,0,0,0,0,0,0,0,0,0,0,0,0,0,0,0,0,0,0,2,32,0,0,0,0,0,0,0,0,0,0,0,0,0,0,0,0,0,0,0,0,0,0,0,0,0,0,0,0,0,0,0,0,0,0,0,0,0,0,0,0,0,0,0,0,0,0,0,0,0,0,0,0,0,0,0,0,0,0,0,0,0,0,0,0,0,0,0,0
25,9,98,102,7,0,47,2,18,0,202,89,0,114,8,0,92,41,16,31,49,8,0,32,0,0,11,64,0,0,9,0,0,0,9,0,0,0,0,10,0,0,0,0,0,0,3,0,4,0,0,0,0,0,0,0,0,0,0,0,0,27,17,0,0,0,0,0,0,0,0,0,0,0,0,3,0,0,0,0,6,0,0,0,0,11,0,0,0,0,0,0,0,40,0,0,0,0,0,0,0,0,0,0,0,0,0,0,0,0,0,0,0,0,0,0,0,0,0,0,0,0,0,0,0,0,0,0,0,0,0,0,0,0,0,0,0,0,0,0,0,0,0,0,0,0,0,0,0
25,10,30,0,10,0,167,29,58,0,89,416,0,75,25,0,8,61,35,17,0,0,15,0,0,2,45,0,0,0,16,0,0,0,0,0,7,0,0,2,0,0,0,0,0,0,8,0,45,0,0,0,0,9,0,0,0,0,0,0,0,0,0,0,0,0,0,0,0,0,0,0,0,0,0,0,0,0,0,0,0,0,0,1,0,0,0,0,0,0,0,0,0,0,0,0,0,0,0,0,0,0,0,0,0,0,0,0,0,0,0,0,0,0,0,0,0,0,0,0,0,0,0,0,0,0,0,0,0,0,0,0,0,0,0,0,0,0,0,0,0,0,0,0,0,0,0,0,0
